"","roi","ROI","IV_Coefficient","IV_StdError","IV_Z","IV_P_Value","Num_snps"
"1",1,"L_V1_ROI",0.0327662776747647,0.0287826959490005,1.13840196668244,0.254952673219756,130
"2",2,"L_MST_ROI",-0.00148215179615903,0.0288702478165791,-0.0513383814914079,0.959055884406807,55
"3",3,"L_V6_ROI",0.0448731125640018,0.0276563481316133,1.62252486664024,0.104691013167983,1059
"4",5,"L_V3_ROI",0.0311277216500262,0.0316914422846818,0.982212212697933,0.325995312211789,1
"5",7,"L_V8_ROI",0.0323607550781516,0.0330275618595605,0.979810596245514,0.327179620620585,1
"6",12,"L_55b_ROI",-0.00891540473701089,0.0250246324520969,-0.356265162098868,0.721641996553564,5
"7",13,"L_V3A_ROI",0.0583925387348202,0.0296372451703571,1.97024178189219,0.0488106671219266,1
"8",14,"L_RSC_ROI",0.10767076185097,0.0260908965827928,4.12675591692696,3.67916530386607e-05,559
"9",15,"L_POS2_ROI",0.0387426810681411,0.0246278152139392,1.57312700016577,0.115689414155968,1
"10",16,"L_V7_ROI",0.0350145974375048,0.030500063604466,1.14801719404866,0.250961465853604,19
"11",17,"L_IPS1_ROI",0.0633930685223675,0.028789149472288,2.20197781748949,0.0276668754255095,807
"12",18,"L_FFC_ROI",-0.014157016545323,0.0295116805128613,-0.479708925391537,0.631434380471957,520
"13",21,"L_LO2_ROI",-0.0210252534073041,0.02928603216698,-0.717927689467271,0.472801873818984,24
"14",24,"L_A1_ROI",-0.0205791859750878,0.0314286306045758,-0.654791048137222,0.512602294990755,494
"15",26,"L_SFL_ROI",0.00822226732223214,0.025032946317472,0.328457833846482,0.742565521048949,1
"16",30,"L_7m_ROI",0.059754163038696,0.0345067944641734,1.73166369019689,0.0833334590949237,2
"17",31,"L_POS1_ROI",0.039229040183282,0.0250314279046303,1.56719146557458,0.117069944715246,46
"18",32,"L_23d_ROI",0.0504759188161898,0.0265753438838895,1.89935148296573,0.0575182780277958,49
"19",33,"L_v23ab_ROI",-0.00830119669546237,0.0351060332622028,-0.236460685645163,0.813075210640482,1
"20",34,"L_d23ab_ROI",0.0588591412776863,0.0334417328786748,1.76005057785806,0.078399231343108,137
"21",35,"L_31pv_ROI",0.0714228297557407,0.0315037059130881,2.26712469805237,0.0233826092098406,81
"22",36,"L_5m_ROI",0.0246903513816904,0.0285049087212864,0.866178931604595,0.386392045165438,425
"23",41,"L_24dv_ROI",0.0299397996639621,0.0263035242831287,1.1382428963394,0.255019071169726,3
"24",44,"L_6ma_ROI",0.0127879467376032,0.0257428450517978,0.496757320796215,0.619360195251294,5
"25",45,"L_7Am_ROI",0.0437783646649987,0.0330593959400138,1.32423365340475,0.185425457331981,3
"26",46,"L_7PL_ROI",0.0591299746861627,0.0306135138547184,1.93149910744562,0.0534213595908365,676
"27",48,"L_LIPv_ROI",0.0186616119966935,0.0302940618189156,0.61601551182685,0.53788428207774,1
"28",49,"L_VIP_ROI",0.0143461397670169,0.0318329827883357,0.450669039166309,0.652228099907255,1
"29",50,"L_MIP_ROI",0.0357688343272402,0.0292728829581433,1.22191020195672,0.221741587031993,1877
"30",51,"L_1_ROI",-0.00868527761131399,0.0314534778510832,-0.27613091475717,0.782447516850023,5
"31",52,"L_2_ROI",0.0407903009488711,0.0287641545266591,1.41809490388692,0.156163058909565,12
"32",54,"L_6d_ROI",-0.0456130635627139,0.0291514057637982,-1.56469516195198,0.117654403438321,1
"33",55,"L_6mp_ROI",-0.00721771258270241,0.0273674705562472,-0.263733272969752,0.791985454837379,16
"34",57,"L_p24pr_ROI",0.0452335649600414,0.0287331454423505,1.57426429524735,0.115426360581231,2
"35",58,"L_33pr_ROI",-0.025313646007063,0.0189972050430247,-1.33249317200782,0.182698183680367,10
"36",61,"L_a24_ROI",0.0103575565898566,0.0268687044692593,0.385487755902289,0.699876076270105,1791
"37",62,"L_d32_ROI",-0.00552888378856021,0.0244884059536234,-0.225775569019515,0.821375979577535,2382
"38",63,"L_8BM_ROI",0.00501797406869078,0.0233962545662617,0.214477665836603,0.830174581815274,1369
"39",64,"L_p32_ROI",-0.0203201229355626,0.0231878805573403,-0.876325151206206,0.380853295754459,2831
"40",65,"L_10r_ROI",-0.000504955936438559,0.0254682800103405,-0.019826856632389,0.984181493597554,3049
"41",66,"L_47m_ROI",0.0200129677864385,0.0286051470922259,0.699628207536032,0.484159521975881,279
"42",68,"L_8Ad_ROI",-0.0105856470865793,0.0254970527966728,-0.41517139925916,0.678016434431678,8
"43",69,"L_9m_ROI",0.0279722076259077,0.0228338157015791,1.22503430839083,0.220562294191579,3833
"44",70,"L_8BL_ROI",0.0456471854122994,0.0254811337866054,1.79141108062839,0.0732273520891808,3158
"45",71,"L_9p_ROI",0.0114048335157297,0.0229133731073491,0.497736996744131,0.618669427887978,3208
"46",72,"L_10d_ROI",0.00785719731091368,0.0172656087285059,0.455077920185997,0.649053182147806,3941
"47",73,"L_8C_ROI",0.00618495111456439,0.0277883443267178,0.22257357408004,0.823867405376209,2
"48",74,"L_44_ROI",0.0167166288596236,0.0258988315753643,0.645458804231344,0.518629906511091,13
"49",75,"L_45_ROI",0.0230791052982619,0.0287080262595514,0.803925184183754,0.421440184494784,3476
"50",76,"L_47l_ROI",-0.0111806056440797,0.0319090209942642,-0.35039011839597,0.726045941318843,3784
"51",77,"L_a47r_ROI",-0.00398098505060656,0.0239480712591398,-0.166234057328822,0.867972758430094,3557
"52",78,"L_6r_ROI",0.00820159061860503,0.0321905328581253,0.254782692003026,0.798890943996256,39
"53",79,"L_IFJa_ROI",-0.00380254024656045,0.0250314466963628,-0.151910526494379,0.879257505713333,2
"54",81,"L_IFSp_ROI",0.00102751989590699,0.0258996339158095,0.0396731436145811,0.968353713105211,291
"55",82,"L_IFSa_ROI",0.0111357902316544,0.0243138988070998,0.458001010862261,0.646951715024301,116
"56",83,"L_p9-46v_ROI",-0.0146026032051928,0.0262670757315569,-0.555928012483299,0.578260067554296,2
"57",84,"L_46_ROI",0.00996600019766686,0.0229640720278601,0.433982273944102,0.664301313255061,2
"58",85,"L_a9-46v_ROI",-0.013139398559334,0.0227357382467978,-0.577918271960429,0.563319298506441,3569
"59",86,"L_9-46d_ROI",-0.0259073786192784,0.021875119758651,-1.18433082447619,0.236282131520783,1860
"60",87,"L_9a_ROI",0.0109469849097685,0.0207127797166778,0.528513558272145,0.597142939211714,3808
"61",88,"L_10v_ROI",-0.0529466716113027,0.0253878784564147,-2.08550989017063,0.0370230413528914,3557
"62",89,"L_a10p_ROI",-0.00984082914279264,0.0203957075576729,-0.482495109079484,0.629454271996161,3761
"63",90,"L_10pp_ROI",-0.022923961348806,0.0182939322891042,-1.25309096953744,0.210172602109768,3290
"64",91,"L_11l_ROI",0.0141156971595422,0.0208991759547697,0.675418839005498,0.499409699748143,10
"65",92,"L_13l_ROI",0.0111213786668151,0.0240016753374078,0.463358432712482,0.643107468337772,1971
"66",93,"L_OFC_ROI",-0.0063989456408578,0.0231250085222786,-0.27671106087131,0.782001978045735,734
"67",94,"L_47s_ROI",-0.0070962842579969,0.0309341247286667,-0.229399872155451,0.818558135518255,3224
"68",95,"L_LIPd_ROI",0.0599060480897083,0.033253956240747,1.80147130933864,0.0716286254611252,372
"69",96,"L_6a_ROI",-0.0242455441128258,0.0269029430695094,-0.901222741697158,0.367469901705124,1
"70",97,"L_i6-8_ROI",0.0203855016901051,0.0284696553729348,0.716043149208085,0.47396470583921,4
"71",103,"L_52_ROI",0.0176523507365461,0.0280792076522393,0.628662708548269,0.5295698969089,221
"72",104,"L_RI_ROI",0.0183038443758919,0.0311226084657715,0.588120510400738,0.556451407105954,235
"73",106,"L_PoI2_ROI",-0.0183640086535555,0.031553313582907,-0.581999370852246,0.560567104654656,3
"74",107,"L_TA2_ROI",-0.00597388736018148,0.0298550194198563,-0.200096582627185,0.841405045990001,664
"75",108,"L_FOP4_ROI",0.0515199253564043,0.02931356185885,1.75754572591628,0.0788248350431828,1
"76",110,"L_Pir_ROI",-0.00598701466317148,0.0243574148105928,-0.245798444117632,0.805838261535879,1
"77",116,"L_PFt_ROI",-0.00185762137624033,0.0321240726540199,-0.0578264591867643,0.953886862055591,3
"78",117,"L_AIP_ROI",-0.0176225030729807,0.0319425543041585,-0.551693609257995,0.581158289206557,2277
"79",118,"L_EC_ROI",-0.0138231983646001,0.0350008046630913,-0.394939444897301,0.692887578512549,1
"80",119,"L_PreS_ROI",0.0154666466645291,0.0294595224396668,0.525013489142768,0.599573813770044,4
"81",120,"L_H_ROI",0.0603946723402254,0.0372485696867272,1.62139574346517,0.104932793060597,1
"82",121,"L_ProS_ROI",-0.00146893357564029,0.0203733445815894,-0.0721007574263338,0.942521723457164,3447
"83",123,"L_STGa_ROI",-0.0480254726093038,0.0324985940108223,-1.47777077966237,0.139469142022364,82
"84",124,"L_PBelt_ROI",0.0150218650524987,0.029930537631775,0.501890919478544,0.6157442530966,3504
"85",125,"L_A5_ROI",-0.0138361860185924,0.0257639523749637,-0.53703662455291,0.591242315855554,3306
"86",126,"L_PHA1_ROI",0.0311164176766802,0.032034873656662,0.97132949579182,0.331384225216962,1661
"87",127,"L_PHA3_ROI",-0.0061837045245089,0.0267055038044629,-0.231551689486402,0.81688623389158,718
"88",128,"L_STSda_ROI",-0.0456635432752788,0.0271069448023014,-1.68456989927548,0.0920715828988999,2504
"89",129,"L_STSdp_ROI",0.0212598218067301,0.0312634803308773,0.680020956775337,0.49649119146881,3352
"90",130,"L_STSvp_ROI",0.0407889137166326,0.0348496930631775,1.17042390137233,0.241830421749506,3092
"91",131,"L_TGd_ROI",-0.0227632412603546,0.0295234974500128,-0.771021160311231,0.440694389288786,3
"92",132,"L_TE1a_ROI",-0.0416035861417526,0.0307542247313344,-1.35277629350754,0.176127108426496,492
"93",133,"L_TE1p_ROI",0.0358444423552474,0.0333619757149901,1.07441006076693,0.282638935290209,42
"94",134,"L_TE2a_ROI",0.028918284601293,0.0274988461446958,1.05161810968825,0.292974795670613,3002
"95",135,"L_TF_ROI",-0.0237935802374316,0.0271897136379744,-0.875094918403273,0.381522261797637,3
"96",136,"L_TE2p_ROI",0.00228057817001482,0.0295550016757006,0.0771638653598812,0.938493187172896,19
"97",137,"L_PHT_ROI",0.0165791816453677,0.0330211283331643,0.502077987102478,0.615612663938875,35
"98",138,"L_PH_ROI",-0.00239764581593866,0.0317090162156492,-0.0756140083196702,0.939726191344624,5
"99",139,"L_TPOJ1_ROI",0.0292688251232198,0.0306126043819376,0.956103726362117,0.339019832351463,2
"100",140,"L_TPOJ2_ROI",0.0767708372408254,0.0313793921818554,2.44653678426623,0.0144236078419517,3
"101",141,"L_TPOJ3_ROI",-0.0136003038878284,0.0286770896258504,-0.474256769611956,0.635316815178443,267
"102",142,"L_DVT_ROI",0.031168502323879,0.0238880483675342,1.30477391222296,0.191969844828207,2066
"103",143,"L_PGp_ROI",0.0104357919648828,0.0289846958191963,0.360044901971036,0.718813555189077,1113
"104",144,"L_IP2_ROI",0.0126905141203118,0.0308417321827305,0.411472158733603,0.680726352125918,2168
"105",146,"L_IP0_ROI",0.0591053706148499,0.0301504935129954,1.96034504673611,0.0499554742172951,703
"106",148,"L_PF_ROI",0.0136084719312283,0.0319882384310729,0.425421110967126,0.670529719170986,12
"107",152,"L_V6A_ROI",0.0112597618769968,0.025968271057422,0.433596901853757,0.664581184952587,1722
"108",153,"L_VMV1_ROI",-0.0517183236991745,0.035502037731281,-1.45677056879485,0.145179722592377,2033
"109",154,"L_VMV3_ROI",0.0179497891305088,0.0303782455985711,0.590876424126122,0.554603223600481,3
"110",155,"L_PHA2_ROI",0.0159956905206537,0.0274717771463328,0.582259037536964,0.560392212370199,914
"111",157,"L_FST_ROI",-0.0127118378577671,0.0331360946185751,-0.38362510742715,0.701256328262791,1
"112",159,"L_LO3_ROI",-0.0188383314015588,0.0294405389817062,-0.639877259491227,0.522252399135127,1
"113",160,"L_VMV2_ROI",-0.0100962483985609,0.0282828231129183,-0.356974562201656,0.721110849216732,323
"114",162,"L_31a_ROI",0.0858478242022251,0.0333195017002032,2.5765038437445,0.00998050958290626,55
"115",163,"L_VVC_ROI",-0.014783953795066,0.0290252318464894,-0.509348344683563,0.610508076765168,42
"116",164,"L_25_ROI",-0.009637683877888,0.0250410349754792,-0.384875620649285,0.7003295690857,3
"117",165,"L_s32_ROI",-0.0249261433143042,0.0281721032865887,-0.884781056662186,0.376274728322068,35
"118",166,"L_pOFC_ROI",-0.00588407223582393,0.0236299959334801,-0.249008601287446,0.803354128074014,108
"119",167,"L_PoI1_ROI",0.00328305779458201,0.0325179323263432,0.100961456024754,0.919581057419933,2
"120",168,"L_Ig_ROI",0.0163892033272065,0.0302298124263194,0.542153656002752,0.587712658173711,12
"121",169,"L_FOP5_ROI",-0.0102780435490814,0.024328321257789,-0.422472370377418,0.672680263725344,71
"122",170,"L_p10p_ROI",0.0194733593554227,0.0202413889478986,0.962056477722316,0.336021234687362,3825
"123",171,"L_p47r_ROI",0.00538124189527567,0.0246093127035858,0.218666890867358,0.826909542074162,2918
"124",172,"L_TGv_ROI",-0.00269621272073087,0.0286316878543188,-0.0941688360968972,0.924975039930859,24
"125",173,"L_MBelt_ROI",0.0265182034148289,0.0288744316706662,0.918397415308056,0.358410843397909,2534
"126",174,"L_LBelt_ROI",0.0146273257146039,0.0288831201075774,0.50643163412136,0.612553671815125,3220
"127",175,"L_A4_ROI",-0.0211682166556758,0.0286312007331098,-0.73934086289285,0.459700042126305,3067
"128",176,"L_STSva_ROI",0.0200928260869847,0.0299422034420814,0.671053689346919,0.502186327505104,1243
"129",177,"L_TE1m_ROI",-0.00842005160636261,0.0303466307835374,-0.277462485586056,0.781425007562354,2619
"130",178,"L_PI_ROI",0.0498673541845784,0.0253803625419332,1.96480070377986,0.0494373087249489,758
"131",179,"L_a32pr_ROI",-0.0261765075791468,0.0225961556501641,-1.15844960463249,0.246680606087188,1
"132",180,"L_p24_ROI",-0.031275955541909,0.0239191909459119,-1.30756745128348,0.191020062810277,1221
"133",181,"R_V1_ROI",0.0108283805060347,0.0269957579078419,0.401114150712146,0.688336082901924,3237
"134",182,"R_MST_ROI",0.00445669932244817,0.0241791323710945,0.184320067984575,0.853762371659108,31
"135",183,"R_V6_ROI",0.0060522435952681,0.0261434699815208,0.231501158780607,0.816925485310396,3287
"136",184,"R_V2_ROI",0.00201137435074314,0.0311592680611383,0.0645513991791005,0.948531181788194,1
"137",189,"R_3b_ROI",0.063413490869629,0.0262719137950854,2.41373701833216,0.0157898543728145,1
"138",190,"R_FEF_ROI",0.0058630854813375,0.0260521233000958,0.22505211624405,0.821938731107232,2
"139",191,"R_PEF_ROI",0.00737789153658345,0.0239610139501877,0.307912325910801,0.758149046454079,3
"140",193,"R_V3A_ROI",-0.0172280452384213,0.0286806509904714,-0.600685292817971,0.548049616563361,431
"141",194,"R_RSC_ROI",0.0653084706004141,0.0260099220244981,2.51090605111779,0.0120421740719131,654
"142",195,"R_POS2_ROI",0.0171393769036117,0.0221665152031647,0.773210256394507,0.439397957199696,2
"143",196,"R_V7_ROI",0.00407936803132492,0.0270682604213425,0.150706693663567,0.880207092769144,2636
"144",197,"R_IPS1_ROI",0.0488851944747228,0.0257956225053319,1.89509652130389,0.0580796154453147,453
"145",198,"R_FFC_ROI",0.0149587241362973,0.0289975889788391,0.515860961654896,0.605951521347506,3007
"146",199,"R_V3B_ROI",0.0180676125317477,0.030096075114249,0.600331188141991,0.548285537358496,134
"147",201,"R_LO2_ROI",0.055429916694024,0.0311802075149064,1.77772763916098,0.0754485979580642,1085
"148",202,"R_PIT_ROI",0.0219855412559566,0.0320530972698634,0.68591004079433,0.492769838099649,1
"149",203,"R_MT_ROI",-0.00641332966929171,0.0220989469903983,-0.290209740404293,0.771655784961817,1
"150",204,"R_A1_ROI",0.0570834541807651,0.0290557776346212,1.96461629417028,0.0494586646309888,1
"151",205,"R_PSL_ROI",0.038211340333311,0.0341711098242851,1.11823527329963,0.263466522988232,2
"152",206,"R_SFL_ROI",0.0327389813712688,0.0242364023186091,1.35081853077391,0.176753570537701,8
"153",211,"R_POS1_ROI",0.0291891288479185,0.0232330713358058,1.25636117696301,0.208985050686704,2248
"154",212,"R_23d_ROI",0.0410541224858176,0.0295937873377469,1.38725476456516,0.165364091417873,2
"155",214,"R_d23ab_ROI",0.0489606779132449,0.0342426892955598,1.42981403973997,0.152770398457332,2
"156",215,"R_31pv_ROI",0.0919615660350334,0.03245275213597,2.83370623390381,0.00460116078421216,24
"157",216,"R_5m_ROI",0.0511922141008932,0.0261624089159111,1.95670873677691,0.0503817221232419,133
"158",217,"R_5mv_ROI",-0.00424176463612919,0.0279893857396066,-0.151549043469248,0.879542626459683,4
"159",224,"R_6ma_ROI",0.0234057708466456,0.0264187145833166,0.885954188756268,0.375642213802751,1106
"160",226,"R_7PL_ROI",0.0396157954691718,0.02919054074477,1.35714496745901,0.174735152810319,87
"161",229,"R_VIP_ROI",0.0219197630072955,0.0312123988301029,0.702277422719426,0.482506170355018,1
"162",230,"R_MIP_ROI",0.0158168173032134,0.0290083154017717,0.545251148994587,0.585580797217762,372
"163",231,"R_1_ROI",0.0257447735364729,0.0314594068180827,0.818348981763856,0.413157944597902,3
"164",232,"R_2_ROI",0.0553432606842559,0.027501359718871,2.01238270580055,0.0441796101116995,10
"165",235,"R_6mp_ROI",0.00961191123819434,0.025383233718686,0.378671659597039,0.704931701151532,8
"166",238,"R_33pr_ROI",0.0112894977148097,0.0199066594442373,0.567121658278927,0.570631529057328,2
"167",239,"R_a24pr_ROI",-0.0151174890469866,0.0290890019469413,-0.519697756374079,0.603274250927228,5
"168",240,"R_p32pr_ROI",0.0179258315215242,0.0267755220456259,0.66948578970667,0.503185642483855,5
"169",241,"R_a24_ROI",0.016826695679137,0.0245213601119578,0.686205642848153,0.492583439926538,2193
"170",242,"R_d32_ROI",0.00884967071144586,0.0242252082751984,0.36530834372665,0.714881250780995,2761
"171",243,"R_8BM_ROI",0.0315950265682399,0.0240135113192305,1.31571872802034,0.188268465964714,2319
"172",244,"R_p32_ROI",-0.00236006626825845,0.0234425927801311,-0.100674285067083,0.919809025183749,2454
"173",245,"R_10r_ROI",0.00681911383299889,0.026081478088384,0.261454270723864,0.793742209977645,214
"174",246,"R_47m_ROI",0.0142190658140945,0.0266082788595874,0.534385026898165,0.593075176135198,2
"175",247,"R_8Av_ROI",0.0226796145781504,0.0263343224632002,0.861218837501631,0.389117526961259,10
"176",248,"R_8Ad_ROI",-0.00533481352308088,0.0255642615455057,-0.208682480954305,0.834696117217743,3
"177",249,"R_9m_ROI",0.0239264681501088,0.0220236064214453,1.08640100500573,0.277301617128795,3689
"178",250,"R_8BL_ROI",0.0434092075231305,0.0249978949061458,1.73651452196713,0.0824728988975399,2334
"179",251,"R_9p_ROI",-0.00596848441772962,0.0218122889648057,-0.273629440145407,0.784369407188627,3785
"180",252,"R_10d_ROI",0.00640695288354405,0.0184424093745015,0.347403246150815,0.728288394959024,3841
"181",253,"R_8C_ROI",0.0173989634782515,0.0249987523199571,0.695993274206787,0.486433041812392,9
"182",254,"R_44_ROI",0.0257840155847589,0.0256777650139076,1.00413784341409,0.315312176875192,384
"183",255,"R_45_ROI",0.0300097674784578,0.0265298727233572,1.13116892008445,0.257984000602142,1442
"184",256,"R_47l_ROI",0.0332356671683681,0.0309354954699722,1.07435380178826,0.282664139877905,221
"185",257,"R_a47r_ROI",-0.00558045452782709,0.0233943108103195,-0.23853895817121,0.811463102982576,1001
"186",258,"R_6r_ROI",0.0664408867111451,0.0324187592037085,2.04945804044051,0.0404173468004519,252
"187",262,"R_IFSa_ROI",0.0276153482957652,0.0239378082213362,1.15362893880782,0.248652328793143,9
"188",263,"R_p9-46v_ROI",-0.00685518243290942,0.0252274244200691,-0.27173532734701,0.785825535710535,24
"189",264,"R_46_ROI",3.11126203406725e-05,0.0251300463995915,0.00123806457998336,0.999012167638713,881
"190",265,"R_a9-46v_ROI",0.0153088227201586,0.0244241398597813,0.626790659079351,0.530796467290897,3373
"191",266,"R_9-46d_ROI",-0.0481466133631792,0.0236023087446164,-2.03991117496763,0.0413591735225379,3047
"192",267,"R_9a_ROI",0.00939162462392402,0.01981736353001,0.473908883474939,0.635564884099238,3862
"193",268,"R_10v_ROI",-0.0355602928249845,0.0266176920745674,-1.33596454288242,0.181560862906805,3080
"194",269,"R_a10p_ROI",-0.00366928050797283,0.0209608576144346,-0.175053930305122,0.86103725750707,3539
"195",270,"R_10pp_ROI",-0.050198828280933,0.0198770676079863,-2.52546448354203,0.0115545460093535,2997
"196",273,"R_OFC_ROI",-0.0247907210892684,0.0253466509177487,-0.978066931592488,0.328041221709951,173
"197",274,"R_47s_ROI",-0.0295479398841536,0.0310212490935266,-0.952506451144792,0.34084019579026,18
"198",275,"R_LIPd_ROI",0.0139082281038431,0.0310511067410465,0.447914086278214,0.654215201881052,44
"199",280,"R_OP4_ROI",0.0501020481024395,0.0342036617449031,1.46481533106336,0.142971307923848,1
"200",282,"R_OP2-3_ROI",0.0667122096478761,0.029136402932882,2.28965153322299,0.0220415250929341,1
"201",283,"R_52_ROI",-0.0134624678210703,0.0255481905461547,-0.526944082272649,0.598232420308395,596
"202",287,"R_TA2_ROI",0.00449921737030331,0.026260631624295,0.171329366127693,0.863964791004655,1766
"203",290,"R_Pir_ROI",0.00561325376667283,0.0261723247253969,0.214472876428355,0.830178316321811,1477
"204",292,"R_AAIC_ROI",-0.0203278249961438,0.0257448071951606,-0.789589327356274,0.429767643158125,1
"205",296,"R_PFt_ROI",0.0762590716717572,0.0314326526047596,2.42610996375819,0.0152616452250446,25
"206",297,"R_AIP_ROI",0.0608999862719846,0.0323891564365045,1.88025848686034,0.06007285804822,2414
"207",299,"R_PreS_ROI",-0.016462152571763,0.0280146373446696,-0.587626831260596,0.556782797363457,803
"208",301,"R_ProS_ROI",-0.0268708439196272,0.0210926824678387,-1.27394151789839,0.202684142994511,3811
"209",303,"R_STGa_ROI",0.0119981059038195,0.0289409300228673,0.414572230206124,0.67845508060614,2712
"210",304,"R_PBelt_ROI",0.0157010318954325,0.0279045913670801,0.562668404238145,0.573660703013487,256
"211",305,"R_A5_ROI",0.00457213763794453,0.0224120317064695,0.204003710945346,0.838350598979267,3489
"212",306,"R_PHA1_ROI",0.00155567828258039,0.0317996889191507,0.0489211792774337,0.960982110446046,3182
"213",307,"R_PHA3_ROI",-0.0210979811949135,0.0249294367320278,-0.846307978062262,0.397380958375222,3624
"214",308,"R_STSda_ROI",0.0386851220830805,0.0248159461252845,1.55888161135492,0.119024403375738,3404
"215",309,"R_STSdp_ROI",0.0650522020043934,0.0257960043343074,2.52179373058475,0.0116758150813172,3654
"216",310,"R_STSvp_ROI",0.101415255283595,0.0329886595809657,3.07424601580692,0.00211035327567421,3633
"217",311,"R_TGd_ROI",0.042697806749768,0.0284989342584009,1.49822468316272,0.134074884686769,2539
"218",312,"R_TE1a_ROI",0.0066619848153856,0.0319455935508698,0.208541588209251,0.834806113666762,2824
"219",313,"R_TE1p_ROI",0.0619804673669229,0.0286052563740781,2.1667509829798,0.0302538468310209,183
"220",314,"R_TE2a_ROI",0.0315048612549477,0.0276066876307994,1.1412039602969,0.253785056690603,3682
"221",316,"R_TE2p_ROI",-0.00881468582858774,0.027133286690458,-0.324866129531134,0.745282392377897,28
"222",318,"R_PH_ROI",0.0597737563587456,0.0306039644875113,1.9531376852544,0.0508032825556161,730
"223",319,"R_TPOJ1_ROI",0.0663207246116108,0.026836701058308,2.47126964180568,0.0134634260283658,149
"224",321,"R_TPOJ3_ROI",0.0107919763902588,0.0233193431351463,0.462790753912509,0.643514359348668,9
"225",322,"R_DVT_ROI",0.0259024845861848,0.0244547678853274,1.05919977272514,0.289508808543886,3193
"226",323,"R_PGp_ROI",-0.0111771062631234,0.0285746857154422,-0.391154127622938,0.695683313289885,498
"227",324,"R_IP2_ROI",0.0419047063194568,0.0302451654331666,1.3855009790591,0.165899333342795,3242
"228",326,"R_IP0_ROI",0.000658274743525977,0.029927484667433,0.0219956588681277,0.98245141842282,535
"229",328,"R_PF_ROI",0.0432575366286999,0.0341231974264475,1.26768708360175,0.204909719211118,2556
"230",329,"R_PFm_ROI",0.0344926112248606,0.0249376105280227,1.38315622445466,0.166616969034826,1
"231",330,"R_PGi_ROI",0.064147616581552,0.0305400078294384,2.10044532207743,0.0356896857057228,7
"232",332,"R_V6A_ROI",0.0257989903929127,0.0228902014729486,1.12707572379395,0.25971046632532,2968
"233",333,"R_VMV1_ROI",-0.0328984412523652,0.0378499134962319,-0.869181411884609,0.384747912777387,3314
"234",334,"R_VMV3_ROI",-0.0369514159241897,0.0312058175670819,-1.18411946249307,0.236365776907515,545
"235",335,"R_PHA2_ROI",-0.0360878791852565,0.027228659801145,-1.32536376923476,0.185050527727987,3703
"236",338,"R_V3CD_ROI",0.0180736739190384,0.0335410076066087,0.538853040165594,0.589988262055634,1
"237",339,"R_LO3_ROI",-0.0266260787907018,0.0298877683777971,-0.890868747848088,0.372999588093537,242
"238",340,"R_VMV2_ROI",-0.0344411809170228,0.0288412220799745,-1.19416510234969,0.232413391095178,3463
"239",342,"R_31a_ROI",0.0910585825349802,0.0321929460334175,2.82852592740217,0.00467629130393692,11
"240",343,"R_VVC_ROI",-0.0162540397451867,0.0294891559452553,-0.551187011773454,0.581505482686646,3425
"241",344,"R_25_ROI",-0.0133701594488888,0.0248706653388426,-0.537587525976134,0.590861843929378,234
"242",345,"R_s32_ROI",-0.00965143056676342,0.0269971900453071,-0.357497596993104,0.720719324826151,8
"243",347,"R_PoI1_ROI",0.00947080000095666,0.0286193013841805,0.330923521640948,0.740702254339256,1215
"244",348,"R_Ig_ROI",0.0657969488173397,0.0302525116832875,2.17492516013763,0.0296357251370145,1
"245",350,"R_p10p_ROI",-0.00762943199694631,0.0232945106900769,-0.327520594806756,0.74327416875448,3752
"246",351,"R_p47r_ROI",0.0221964970224308,0.0249929985510666,0.88810860277842,0.374482335569011,699
"247",352,"R_TGv_ROI",-0.00470437352820936,0.0283942495283264,-0.165680502438222,0.868408390775356,867
"248",353,"R_MBelt_ROI",0.0423932020457602,0.0258522722890217,1.6398249860521,0.101041561454242,2559
"249",354,"R_LBelt_ROI",0.0009047039291851,0.0281545833940162,0.0321334511160759,0.974365627044121,89
"250",355,"R_A4_ROI",0.00493692746150854,0.02566543878311,0.192357025462485,0.847462552451399,2509
"251",356,"R_STSva_ROI",0.0493808302246874,0.0299792632567151,1.64716623626922,0.0995238816672291,3211
"252",357,"R_TE1m_ROI",0.0241792520878052,0.0302905605801048,0.798243796903727,0.42472902616669,3189
"253",358,"R_PI_ROI",0.0101796027850574,0.0233226684254517,0.43646818620242,0.662497076528216,3076
"254",359,"R_a32pr_ROI",-0.00119549943526966,0.0226472762788393,-0.052787779887981,0.957900998162555,1
"255",360,"R_p24_ROI",-0.0141416848322337,0.0248861818971721,-0.568254499250474,0.56986217011597,429
"256",361,"accumbens_left",0.017077228980922,0.0233940211249538,0.72998262631755,0.465400804416279,1011
"257",362,"accumbens_right",0.0114622889223576,0.0244082037670927,0.469608047840502,0.638635073828083,667
"258",363,"amygdala_left",-0.000399259917083203,0.0189258431209873,-0.021096017468329,0.98316906178912,105
"259",364,"amygdala_right",-0.0150039618718516,0.0227249544015342,-0.660241671192911,0.509098754635511,1
"260",366,"caudate_right",-0.0105315472890248,0.0225328993227129,-0.467385361208673,0.640224194083014,3536
"261",367,"cerebellum_left",0.0204256395758607,0.026675640804415,0.765703801667628,0.443852564506909,3229
"262",369,"diencephalon_left",-0.00078190037644142,0.0247911539903755,-0.0315394909307156,0.97483929859048,1365
"263",370,"diencephalon_right",-0.00397185207983183,0.0223832296531608,-0.177447675843818,0.859156761541649,2309
"264",371,"hippocampus_left",0.0345375484836734,0.023865711836626,1.44716188312764,0.147851589371451,2566
"265",373,"pallidum_left",0.0360329752465401,0.0243133625748948,1.4820235224784,0.138334036181371,1
"266",375,"putamen_left",-0.00689977837695018,0.0194478342019579,-0.354783895486703,0.722751494112237,3528
"267",376,"putamen_right",-0.0170650352408549,0.0222459893735568,-0.767106149081401,0.443018406237357,2280
"268",377,"thalamus_left",-0.0201062353443112,0.0239492529917949,-0.839534968009218,0.401169175124619,3685
"269",379,"brainstem",-0.00944507933998221,0.0195960689432905,-0.48198847265314,0.629814135104766,1443
