"","roi","ROI","Name","Network","Method","IVs","Coefficient","SE","Statistics","Pvalue","Pvalue_bh","Pvalue_bh_sci","Lower_CI","Upper_CI","Forest_Plot"
"1","roi304","R_PBelt","Right ParaBelt Complex","AUD","MR",256,0.426658599608143,0.144568432548006,"2.951",0.00317791589514197,0.0274109095945539,"2.74e-02",0.143304471814051,0.710012727402235," 0.43 ( 0.14,  0.71)"
"2",NA,NA,NA,NA,"2SLS (1)",814,0.067576643074527,0.0855329070167687,"0.790",0.429518624956461,0.652771243577898,"6.53e-01",-0.10006785467834,0.235221140827394," 0.07 (-0.10,  0.24)"
"3",NA,NA,NA,NA,"2SLS (2)",287,0.367523968766607,0.134171299003933,"2.739",0.00617804919415223,0.0389479892502013,"3.89e-02",0.104548222718898,0.630499714814316," 0.37 ( 0.10,  0.63)"
"4",NA,NA,NA,NA,"2SLS (3)",1342,0.0570160923179821,0.0707199636716611,"0.806",0.420148151356466,0.658546821508169,"6.59e-01",-0.0815950364784737,0.195627221114438," 0.06 (-0.08,  0.20)"
"5",NA,NA,NA,NA,"2SRI (Binary)",256,0.0157010318954325,0.0279045913670801,"0.563",0.573660703013487,0.93290275354275,"9.33e-01",-0.0389919671840445,0.0703940309749095," 0.02 (-0.04,  0.07)"
"6","roi44","L_6ma","Left Area 6m anterior","CON","MR",5,-1.17342498945924,0.307528715053856,"-3.816",0.000137278097580424,0.00369278082491341,"3.69e-03",-1.7761812709648,-0.570668707953682,"-1.17 (-1.78, -0.57)"
"7",NA,NA,NA,NA,"2SLS (1)",20,-0.949581631009051,0.200826366755795,"-4.728",2.31199329490954e-06,0.000207308732110222,"2.07e-04",-1.34320130985041,-0.555961952167693,"-0.95 (-1.34, -0.56)"
"8",NA,NA,NA,NA,"2SLS (2)",5,-1.16888028510361,0.307523282470901,"-3.801",0.000145668596644178,0.00383050805233751,"3.83e-03",-1.77162591874658,-0.566134651460644,"-1.17 (-1.77, -0.57)"
"9",NA,NA,NA,NA,"2SLS (3)",25,-0.869116374253789,0.228718629360462,"-3.800",0.000146263173035595,0.00541457410821102,"5.41e-03",-1.31740488780029,-0.420827860707283,"-0.87 (-1.32, -0.42)"
"10",NA,NA,NA,NA,"2SRI (Binary)",5,0.0127879467376032,0.0257428450517978,"0.497",0.619360195251294,0.93290275354275,"9.33e-01",-0.0376680295639205,0.0632439230391269," 0.01 (-0.04,  0.06)"
"11","roi45","L_7Am","Left Medial Area 7A","CON","MR",3,1.41228474458137,0.482594767972326,"2.926",0.00344239629158684,0.0274109095945539,"2.74e-02",0.466398999355611,2.35817048980713," 1.41 ( 0.47,  2.36)"
"12",NA,NA,NA,NA,"2SLS (1)",8,1.55220842466554,0.365634679628329,"4.245",2.2145825916897e-05,0.000496435597637108,"4.96e-04",0.835564452594015,2.26885239673706," 1.55 ( 0.84,  2.27)"
"13",NA,NA,NA,NA,"2SLS (2)",3,1.40113385030911,0.481409846082145,"2.910",0.00362291705108279,0.0284505544893854,"2.85e-02",0.457570551988106,2.34469714863011," 1.40 ( 0.46,  2.34)"
"14",NA,NA,NA,NA,"2SLS (3)",73,0.849545719110577,0.236684790849663,"3.589",0.000334324773146526,0.00621844078052538,"6.22e-03",0.385643529045237,1.31344790917592," 0.85 ( 0.39,  1.31)"
"15",NA,NA,NA,NA,"2SRI (Binary)",3,0.0437783646649987,0.0330593959400138,"1.324",0.185425457331981,0.737712689411253,"7.38e-01",-0.0210180513774283,0.108574780707426," 0.04 (-0.02,  0.11)"
"16","roi78","L_6r","Left Rostral Area 6","CON","MR",39,-1.0091608671919,0.260519264673428,"-3.874",0.000108435794710603,0.00324102541968358,"3.24e-03",-1.51977862595182,-0.498543108431981,"-1.01 (-1.52, -0.50)"
"17",NA,NA,NA,NA,"2SLS (1)",79,-0.890937125551062,0.209743825412993,"-4.248",2.19013430298455e-05,0.000496435597637108,"4.96e-04",-1.30203502336053,-0.479839227741596,"-0.89 (-1.30, -0.48)"
"18",NA,NA,NA,NA,"2SLS (2)",46,-0.970864713336145,0.24889997703209,"-3.901",9.70659433953508e-05,0.00287962298739541,"2.88e-03",-1.45870866831904,-0.483020758353249,"-0.97 (-1.46, -0.48)"
"19",NA,NA,NA,NA,"2SLS (3)",93,-0.695925813105109,0.22061819308528,"-3.154",0.00161657410398061,0.0162238337491926,"1.62e-02",-1.12833747155226,-0.26351415465796,"-0.70 (-1.13, -0.26)"
"20",NA,NA,NA,NA,"2SRI (Binary)",39,0.00820159061860503,0.0321905328581253,"0.255",0.798890943996256,0.939161648843611,"9.39e-01",-0.0548918537833206,0.0712950350205306," 0.01 (-0.05,  0.07)"
"21","roi169","L_FOP5","Left Area Frontal
Opercular 5","CON","MR",71,0.753803131619817,0.192697544830076,"3.912",9.26742624342853e-05,0.00324102541968358,"3.24e-03",0.376115943752868,1.13149031948677," 0.75 ( 0.38,  1.13)"
"22",NA,NA,NA,NA,"2SLS (1)",238,0.353560611980559,0.118288822249269,"2.989",0.00280997043790202,0.0164322184303401,"1.64e-02",0.121714520371992,0.585406703589126," 0.35 ( 0.12,  0.59)"
"23",NA,NA,NA,NA,"2SLS (2)",80,0.746442000963985,0.188039598686155,"3.970",7.28916666412318e-05,0.0025090366462673,"2.51e-03",0.377884387539121,1.11499961438885," 0.75 ( 0.38,  1.11)"
"24",NA,NA,NA,NA,"2SLS (3)",192,0.270232395614386,0.128477655802786,"2.103",0.0354802738807771,0.131986618836491,"1.32e-01",0.0184161902409254,0.522048600987847," 0.27 ( 0.02,  0.52)"
"25",NA,NA,NA,NA,"2SRI (Binary)",71,-0.0102780435490814,0.024328321257789,"-0.422",0.672680263725344,0.93290275354275,"9.33e-01",-0.0579615532143478,0.037405466116185,"-0.01 (-0.06,  0.04)"
"26","roi191","R_PEF","Right Premotor Eye Field","CON","MR",3,-1.41830273242983,0.406767596433108,"-3.487",0.000492642902392285,0.00765390680993403,"7.65e-03",-2.21556722143872,-0.621038243420938,"-1.42 (-2.22, -0.62)"
"27",NA,NA,NA,NA,"2SLS (1)",10,-0.981636497744842,0.27603016029649,"-3.556",0.000378896396323415,0.00313663783236313,"3.14e-03",-1.52265561192596,-0.440617383563721,"-0.98 (-1.52, -0.44)"
"28",NA,NA,NA,NA,"2SLS (2)",3,-1.43968969420037,0.412954180787784,"-3.486",0.000493463357312985,0.00823466977516044,"8.23e-03",-2.24907988854443,-0.630299499856313,"-1.44 (-2.25, -0.63)"
"29",NA,NA,NA,NA,"2SLS (3)",1,-1.87837111632881,0.682085676983646,"-2.754",0.00590856862520796,0.0378218449855167,"3.78e-02",-3.21525904321676,-0.541483189440864,"-1.88 (-3.22, -0.54)"
"30",NA,NA,NA,NA,"2SRI (Binary)",3,0.00737789153658345,0.0239610139501877,"0.308",0.758149046454079,0.939161648843611,"9.39e-01",-0.0395856958057844,0.0543414788789513," 0.01 (-0.04,  0.05)"
"31","roi217","R_5mv","Right Area 5m ventral","CON","MR",4,1.05511932068499,0.366540553744886,"2.879",0.00400967489886698,0.0291514202106816,"2.92e-02",0.336699835345014,1.77353880602497," 1.06 ( 0.34,  1.77)"
"32",NA,NA,NA,NA,"2SLS (1)",3,1.36833305957216,0.399493239955822,"3.425",0.000618288565764018,0.00415799060476302,"4.16e-03",0.585326309258749,2.15133980988557," 1.37 ( 0.59,  2.15)"
"33",NA,NA,NA,NA,"2SLS (2)",4,1.00764242163086,0.348240287867784,"2.894",0.00382407759094892,0.0289270455003863,"2.89e-02",0.325091457410003,1.69019338585172," 1.01 ( 0.33,  1.69)"
"34",NA,NA,NA,NA,"2SLS (3)",6,1.00187509734883,0.322423779979581,"3.107",0.00189731796952807,0.0165422410468229,"1.65e-02",0.369924488588851,1.63382570610881," 1.00 ( 0.37,  1.63)"
"35",NA,NA,NA,NA,"2SRI (Binary)",4,-0.00424176463612919,0.0279893857396066,"-0.152",0.879542626459683,0.943329513764541,"9.43e-01",-0.0591009606857581,0.0506174314134997," 0.00 (-0.06,  0.05)"
"36","roi360","R_p24","Right Area posterior 24","CON","MR",429,-0.41883755747234,0.100630289536819,"-4.162",3.19988554036681e-05,0.00215192302589668,"2.15e-03",-0.616072924964505,-0.221602189980175,"-0.42 (-0.62, -0.22)"
"37",NA,NA,NA,NA,"2SLS (1)",966,-0.10876143453617,0.0681066853143486,"-1.597",0.110331485063361,0.262647517540213,"2.63e-01",-0.242250537752293,0.0247276686799533,"-0.11 (-0.24,  0.02)"
"38",NA,NA,NA,NA,"2SLS (2)",426,-0.371351804121747,0.0982148613251542,"-3.781",0.000157811193167463,0.00383050805233751,"3.83e-03",-0.563852932319049,-0.178850675924445,"-0.37 (-0.56, -0.18)"
"39",NA,NA,NA,NA,"2SLS (3)",1063,-0.0998571118894719,0.0700426082214165,"-1.426",0.15402137697366,0.370447967031475,"3.70e-01",-0.237140624003448,0.0374264002245045,"-0.10 (-0.24,  0.04)"
"40",NA,NA,NA,NA,"2SRI (Binary)",429,-0.0141416848322337,0.0248861818971721,"-0.568",0.56986217011597,0.93290275354275,"9.33e-01",-0.062918601350691,0.0346352316862236,"-0.01 (-0.06,  0.03)"
"41","roi95","L_LIPd","Left Area Lateral
IntraParietal dorsal","DAN","MR",372,-0.416722969736907,0.143234049862631,"-2.909",0.00363561770907398,0.0276737037452768,"2.77e-02",-0.697461707467664,-0.13598423200615,"-0.42 (-0.70, -0.14)"
"42",NA,NA,NA,NA,"2SLS (1)",451,-0.328864891628858,0.128383509450293,"-2.562",0.0104424771356133,0.0453068766045158,"4.53e-02",-0.580496570151432,-0.0772332131062837,"-0.33 (-0.58, -0.08)"
"43",NA,NA,NA,NA,"2SLS (2)",408,-0.381374170636471,0.137848261475426,"-2.767",0.00568254469296002,0.037005839829764,"3.70e-02",-0.651556763128306,-0.111191578144636,"-0.38 (-0.65, -0.11)"
"44",NA,NA,NA,NA,"2SLS (3)",390,-0.243469709188332,0.142637028119357,"-1.707",0.0878925563919938,0.250224726871084,"2.50e-01",-0.523038284302272,0.0360988659256077,"-0.24 (-0.52,  0.04)"
"45",NA,NA,NA,NA,"2SRI (Binary)",372,0.0599060480897083,0.033253956240747,"1.801",0.0716286254611252,0.57307785477341,"5.73e-01",-0.00527170614215582,0.125083802321572," 0.06 (-0.01,  0.13)"
"46","roi116","L_PFt","Left Area PFt","DAN","MR",3,-1.51527397378952,0.505743140107261,"-2.996",0.00274620845531978,0.024624335816034,"2.46e-02",-2.50653052839975,-0.524017419179289,"-1.52 (-2.51, -0.52)"
"47",NA,NA,NA,NA,"2SLS (1)",3,-1.47001494194379,0.510529223760234,"-2.879",0.00399767563004011,0.0219464233567508,"2.19e-02",-2.47065222051385,-0.469377663373731,"-1.47 (-2.47, -0.47)"
"48",NA,NA,NA,NA,"2SLS (2)",3,-1.41711691652293,0.469626072288952,"-3.018",0.00255975108439335,0.0247626045131829,"2.48e-02",-2.33758401820928,-0.496649814836584,"-1.42 (-2.34, -0.50)"
"49",NA,NA,NA,NA,"2SLS (3)",84,-0.787270113929672,0.251335432109404,"-3.132",0.0017430551976186,0.0162238337491926,"1.62e-02",-1.2798875608641,-0.29465266699524,"-0.79 (-1.28, -0.29)"
"50",NA,NA,NA,NA,"2SRI (Binary)",3,-0.00185762137624033,0.0321240726540199,"-0.058",0.953886862055591,0.986657204999948,"9.87e-01",-0.0648208037781193,0.0611055610256387," 0.00 (-0.06,  0.06)"
"51","roi136","L_TE2p","Left Area TE2 posterior","DAN","MR",19,-0.657672372469364,0.247342223628102,"-2.659",0.0078605218533294,0.0459669647509915,"4.60e-02",-1.14246313078044,-0.172881614158284,"-0.66 (-1.14, -0.17)"
"52",NA,NA,NA,NA,"2SLS (1)",68,-0.747413383122313,0.213307935498081,"-3.504",0.000461617818862206,0.00354786266496953,"3.55e-03",-1.16549693669855,-0.329329829546074,"-0.75 (-1.17, -0.33)"
"53",NA,NA,NA,NA,"2SLS (2)",22,-0.709564246882996,0.246601960667148,"-2.877",0.00402520886959005,0.0290467775183931,"2.90e-02",-1.19290408979061,-0.226224403975386,"-0.71 (-1.19, -0.23)"
"54",NA,NA,NA,NA,"2SLS (3)",14,-0.694496099017085,0.251464341356042,"-2.762",0.00576691730392812,0.0378218449855167,"3.78e-02",-1.18736620807493,-0.201625989959243,"-0.69 (-1.19, -0.20)"
"55",NA,NA,NA,NA,"2SRI (Binary)",19,0.00228057817001482,0.0295550016757006,"0.077",0.938493187172896,0.98653051988318,"9.87e-01",-0.0556472251143584,0.060208381454388," 0.00 (-0.06,  0.06)"
"56","roi137","L_PHT","Left Area PHT","DAN","MR",35,-1.02618945481324,0.307210477600578,"-3.340",0.000842195372976927,0.0113275277665397,"1.13e-02",-1.62832199091037,-0.424056918716107,"-1.03 (-1.63, -0.42)"
"57",NA,NA,NA,NA,"2SLS (1)",65,-1.04701112820335,0.267096504969026,"-3.920",8.94874440880553e-05,0.000983979714794652,"9.84e-04",-1.57052027794264,-0.523501978464059,"-1.05 (-1.57, -0.52)"
"58",NA,NA,NA,NA,"2SLS (2)",45,-0.987230099446799,0.291431169673969,"-3.388",0.000710110541185662,0.0096365289175706,"9.64e-03",-1.55843519200778,-0.41602500688582,"-0.99 (-1.56, -0.42)"
"59",NA,NA,NA,NA,"2SLS (3)",404,-0.240332359345127,0.139227579241397,"-1.726",0.0843693729202629,0.242670670564468,"2.43e-01",-0.513218414658265,0.0325536959680111,"-0.24 (-0.51,  0.03)"
"60",NA,NA,NA,NA,"2SRI (Binary)",35,0.0165791816453677,0.0330211283331643,"0.502",0.615612663938875,0.93290275354275,"9.33e-01",-0.0481422298876343,0.0813005931783697," 0.02 (-0.05,  0.08)"
"61","roi275","R_LIPd","Right Area Lateral
IntraParietal dorsal","DAN","MR",44,-0.691971602838317,0.246731116272805,"-2.805",0.00505587785720451,0.0357902932523161,"3.58e-02",-1.17556459073301,-0.208378614943619,"-0.69 (-1.18, -0.21)"
"62",NA,NA,NA,NA,"2SLS (1)",80,-0.354310921488032,0.196668587138197,"-1.802",0.0716613967354185,0.190860551701263,"1.91e-01",-0.739781352278898,0.0311595093028341,"-0.35 (-0.74,  0.03)"
"63",NA,NA,NA,NA,"2SLS (2)",50,-0.556651434175905,0.231918281786449,"-2.400",0.0164182281906143,0.0742994394388817,"7.43e-02",-1.01121126647734,-0.102091601874465,"-0.56 (-1.01, -0.10)"
"64",NA,NA,NA,NA,"2SLS (3)",144,-0.279776588455011,0.178617810593864,"-1.566",0.117324881285493,0.305921886716379,"3.06e-01",-0.629867497218984,0.0703143203089624,"-0.28 (-0.63,  0.07)"
"65",NA,NA,NA,NA,"2SRI (Binary)",44,0.0139082281038431,0.0310511067410465,"0.448",0.654215201881052,0.93290275354275,"9.33e-01",-0.046951941108608,0.0747683973162942," 0.01 (-0.05,  0.07)"
"66","roi296","R_PFt","Right Area PFt","DAN","MR",25,-1.34077532876844,0.330869339356957,"-4.052",5.14053580534628e-05,0.00275807595735135,"2.76e-03",-1.98927923390808,-0.692271423628804,"-1.34 (-1.99, -0.69)"
"67",NA,NA,NA,NA,"2SLS (1)",58,-1.26386477149753,0.284206393229985,"-4.447",8.85580906027751e-06,0.00036882865215956,"3.69e-04",-1.8209093022283,-0.706820240766759,"-1.26 (-1.82, -0.71)"
"68",NA,NA,NA,NA,"2SLS (2)",25,-1.34230886326837,0.329608091255026,"-4.072",4.71632456888019e-05,0.0022230726840052,"2.22e-03",-1.98834072212822,-0.696277004408519,"-1.34 (-1.99, -0.70)"
"69",NA,NA,NA,NA,"2SLS (3)",123,-0.735960373476191,0.22320382304788,"-3.297",0.00098240808511071,0.0130519931307566,"1.31e-02",-1.17343986665004,-0.298480880302346,"-0.74 (-1.17, -0.30)"
"70",NA,NA,NA,NA,"2SRI (Binary)",25,0.0762590716717572,0.0314326526047596,"2.426",0.0152616452250446,0.353955902190592,"3.54e-01",0.0146510725664284,0.137867070777086," 0.08 ( 0.01,  0.14)"
"71","roi316","R_TE2p","Right Area TE2 posterior","DAN","MR",28,-1.02482443673072,0.255570210730066,"-4.010",6.15184228405505e-05,0.00275807595735135,"2.76e-03",-1.52574204976165,-0.523906823699791,"-1.02 (-1.53, -0.52)"
"72",NA,NA,NA,NA,"2SLS (1)",100,-0.41514812330896,0.160089844551267,"-2.593",0.00952995079087406,0.0420255207007397,"4.20e-02",-0.728924218629443,-0.101372027988477,"-0.42 (-0.73, -0.10)"
"73",NA,NA,NA,NA,"2SLS (2)",31,-0.998478855668951,0.245992488432725,"-4.059",4.99566895282068e-05,0.0022230726840052,"2.22e-03",-1.48062413299709,-0.51633357834081,"-1.00 (-1.48, -0.52)"
"74",NA,NA,NA,NA,"2SLS (3)",392,0.00373639869789417,0.109892994105161,"0.034",0.97287809083141,0.986312301827009,"9.86e-01",-0.211653869748221,0.21912666714401," 0.00 (-0.21,  0.22)"
"75",NA,NA,NA,NA,"2SRI (Binary)",28,-0.00881468582858774,0.027133286690458,"-0.325",0.745282392377897,0.93682693247502,"9.37e-01",-0.0619959277418854,0.0443665560847099,"-0.01 (-0.06,  0.04)"
"76","roi32","L_23d","Left Area 23d","DMN","MR",49,-0.725864878383517,0.210631202669479,"-3.446",0.000572817739897857,0.00810989326486966,"8.11e-03",-1.1387020356157,-0.313027721151338,"-0.73 (-1.14, -0.31)"
"77",NA,NA,NA,NA,"2SLS (1)",113,-0.454935003529501,0.168012844045765,"-2.708",0.00679240105651867,0.0320594928849621,"3.21e-02",-0.7842401778592,-0.125629829199802,"-0.45 (-0.78, -0.13)"
"78",NA,NA,NA,NA,"2SLS (2)",51,-0.70634349042187,0.208790863064721,"-3.383",0.000721837372102667,0.0096365289175706,"9.64e-03",-1.11557358202872,-0.297113398815017,"-0.71 (-1.12, -0.30)"
"79",NA,NA,NA,NA,"2SLS (3)",45,-0.921110798899374,0.249005653134205,"-3.699",0.000218383944740707,0.00594275674542589,"5.94e-03",-1.40916187904242,-0.433059718756332,"-0.92 (-1.41, -0.43)"
"80",NA,NA,NA,NA,"2SRI (Binary)",49,0.0504759188161898,0.0265753438838895,"1.899",0.0575182780277958,0.503981179186763,"5.04e-01",-0.00161175519623363,0.102563592828613," 0.05 ( 0.00,  0.10)"
"81","roi68","L_8Ad","Left Area 8Ad","DMN","MR",8,-1.15201117705686,0.30928200760662,"-3.725",0.000197392892460364,0.00442489067265316,"4.42e-03",-1.75820391196584,-0.545818442147885,"-1.15 (-1.76, -0.55)"
"82",NA,NA,NA,NA,"2SLS (1)",6,-1.21767466836988,0.324664227104398,"-3.751",0.000178001042476857,0.00171008144379552,"1.71e-03",-1.8540165534945,-0.58133278324526,"-1.22 (-1.85, -0.58)"
"83",NA,NA,NA,NA,"2SLS (2)",9,-1.07932147002515,0.301473281002814,"-3.580",0.000346289607778758,0.00672132106780584,"6.72e-03",-1.67020910079067,-0.488433839259635,"-1.08 (-1.67, -0.49)"
"84",NA,NA,NA,NA,"2SLS (3)",4,-1.15608901927175,0.367296866911208,"-3.148",0.001655007962916,0.0162238337491926,"1.62e-02",-1.87599087841772,-0.436187160125782,"-1.16 (-1.88, -0.44)"
"85",NA,NA,NA,NA,"2SRI (Binary)",8,-0.0105856470865793,0.0254970527966728,"-0.415",0.678016434431678,0.93290275354275,"9.33e-01",-0.060559870568058,0.0393885763948994,"-0.01 (-0.06,  0.04)"
"86","roi162","L_31a","Left Area 31a","DMN","MR",55,-0.751549432982969,0.24101573042313,"-3.118",0.00182842815258423,0.0204936322102149,"2.05e-02",-1.2239402646123,-0.279158601353634,"-0.75 (-1.22, -0.28)"
"87",NA,NA,NA,NA,"2SLS (1)",58,-0.967243204272733,0.226298014773625,"-4.274",1.94621412886374e-05,0.000496435597637108,"4.96e-04",-1.41078731322904,-0.523699095316428,"-0.97 (-1.41, -0.52)"
"88",NA,NA,NA,NA,"2SLS (2)",57,-0.685725518667734,0.234293348608156,"-2.927",0.00343862351365393,0.0284505544893854,"2.85e-02",-1.14494048193972,-0.226510555395748,"-0.69 (-1.14, -0.23)"
"89",NA,NA,NA,NA,"2SLS (3)",364,-0.202454454828722,0.137667505312337,"-1.471",0.141454105563322,0.352372280822918,"3.52e-01",-0.472282765240903,0.0673738555834585,"-0.20 (-0.47,  0.07)"
"90",NA,NA,NA,NA,"2SRI (Binary)",55,0.0858478242022251,0.0333195017002032,"2.577",0.00998050958290626,0.353955902190592,"3.54e-01",0.0205416008698268,0.151154047534623," 0.09 ( 0.02,  0.15)"
"91","roi164","L_25","Left Area 25","DMN","MR",3,-1.25447164060797,0.427941622790554,"-2.931",0.00338789766310823,0.0274109095945539,"2.74e-02",-2.09323722127746,-0.415706059938484,"-1.25 (-2.09, -0.42)"
"92",NA,NA,NA,NA,"2SLS (1)",58,-0.5563117953912,0.190455828176481,"-2.921",0.00350191777071847,0.0200428910707078,"2.00e-02",-0.929605218617103,-0.183018372165297,"-0.56 (-0.93, -0.18)"
"93",NA,NA,NA,NA,"2SLS (2)",3,-1.28921397602907,0.446509587679648,"-2.887",0.0039002757978049,0.0289270455003863,"2.89e-02",-2.16437276788118,-0.41405518417696,"-1.29 (-2.16, -0.41)"
"94",NA,NA,NA,NA,"2SLS (3)",319,-0.27403394656124,0.119273987371257,"-2.298",0.0216259112207163,0.0928250650858438,"9.28e-02",-0.507810961808904,-0.0402569313135763,"-0.27 (-0.51, -0.04)"
"95",NA,NA,NA,NA,"2SRI (Binary)",3,-0.009637683877888,0.0250410349754792,"-0.385",0.7003295690857,0.93290275354275,"9.33e-01",-0.0587181124298272,0.0394427446740512,"-0.01 (-0.06,  0.04)"
"96","roi165","L_s32","Left Area s32","DMN","MR",35,-0.930437524437109,0.267648752441766,"-3.476",0.000512157333006738,0.00765390680993403,"7.65e-03",-1.45502907922297,-0.405845969651248,"-0.93 (-1.46, -0.41)"
"97",NA,NA,NA,NA,"2SLS (1)",520,-0.223735291278198,0.100366489671069,"-2.229",0.0258364584385602,0.087974776202186,"8.80e-02",-0.420453611033493,-0.0270169715229028,"-0.22 (-0.42, -0.03)"
"98",NA,NA,NA,NA,"2SLS (2)",34,-0.88739945172184,0.267787041689093,"-3.314",0.000926116178441122,0.0112396827110809,"1.12e-02",-1.41226205343246,-0.362536850011218,"-0.89 (-1.41, -0.36)"
"99",NA,NA,NA,NA,"2SLS (3)",328,-0.0447053066360631,0.131350106968115,"-0.340",0.733603986002615,0.845766578903841,"8.46e-01",-0.302151516293569,0.212740903021442,"-0.04 (-0.30,  0.21)"
"100",NA,NA,NA,NA,"2SRI (Binary)",35,-0.0249261433143042,0.0281721032865887,"-0.885",0.376274728322068,0.926306325244059,"9.26e-01",-0.0801434657560181,0.0302911791274097,"-0.02 (-0.08,  0.03)"
"101","roi215","R_31pv","Right Area 31p ventral","DMN","MR",24,-0.982358496065509,0.252278676894804,"-3.894",9.97722206848495e-05,0.00324102541968358,"3.24e-03",-1.47682470277932,-0.487892289351693,"-0.98 (-1.48, -0.49)"
"102",NA,NA,NA,NA,"2SLS (1)",32,-0.78916814060074,0.225920910383605,"-3.493",0.000480660350590582,0.00359160095302407,"3.59e-03",-1.23197312495261,-0.346363156248874,"-0.79 (-1.23, -0.35)"
"103",NA,NA,NA,NA,"2SLS (2)",32,-0.908263424248216,0.229231138180487,"-3.962",7.51771279780465e-05,0.0025090366462673,"2.51e-03",-1.35755645508197,-0.458970393414462,"-0.91 (-1.36, -0.46)"
"104",NA,NA,NA,NA,"2SLS (3)",133,-0.556913920204285,0.18590052817811,"-2.996",0.00274954205434685,0.0213089509211881,"2.13e-02",-0.921278955433381,-0.192548884975189,"-0.56 (-0.92, -0.19)"
"105",NA,NA,NA,NA,"2SRI (Binary)",24,0.0919615660350334,0.03245275213597,"2.834",0.00460116078421216,0.314480590189758,"3.14e-01",0.0283541718485322,0.155568960221535," 0.09 ( 0.03,  0.16)"
"106","roi247","R_8Av","Right Area 8Av","DMN","MR",10,-0.97564077722251,0.311517876079695,"-3.132",0.00174575338601004,0.0204177243842044,"2.04e-02",-1.58621581433871,-0.365065740106308,"-0.98 (-1.59, -0.37)"
"107",NA,NA,NA,NA,"2SLS (1)",40,-0.835303733914302,0.199883926628089,"-4.179",2.96783855093741e-05,0.000551541163285362,"5.52e-04",-1.22707623010536,-0.443531237723248,"-0.84 (-1.23, -0.44)"
"108",NA,NA,NA,NA,"2SLS (2)",11,-1.09078961957442,0.303206752686832,"-3.598",0.000324040738335849,0.00672132106780584,"6.72e-03",-1.68507485484061,-0.496504384308229,"-1.09 (-1.69, -0.50)"
"109",NA,NA,NA,NA,"2SLS (3)",7,-1.01652033067223,0.328702390089521,"-3.093",0.00199434956960696,0.0168613190884952,"1.69e-02",-1.66077701524769,-0.372263646096769,"-1.02 (-1.66, -0.37)"
"110",NA,NA,NA,NA,"2SRI (Binary)",10,0.0226796145781504,0.0263343224632002,"0.861",0.389117526961259,0.926306325244059,"9.26e-01",-0.028935657449722,0.0742948866060228," 0.02 (-0.03,  0.07)"
"111","roi274","R_47s","Right Area 47s","DMN","MR",18,-1.17364426353119,0.314000740581886,"-3.738",0.000187547404672167,0.00442489067265316,"4.42e-03",-1.78908571507169,-0.558202811990693,"-1.17 (-1.79, -0.56)"
"112",NA,NA,NA,NA,"2SLS (1)",52,-1.16605163209645,0.263239568599398,"-4.430",9.59777161753503e-06,0.00036882865215956,"3.69e-04",-1.68200118655127,-0.65010207764163,"-1.17 (-1.68, -0.65)"
"113",NA,NA,NA,NA,"2SLS (2)",22,-1.27267634485001,0.301794519730726,"-4.217",2.51431973477788e-05,0.00170852658719758,"1.71e-03",-1.86419360352223,-0.681159086177787,"-1.27 (-1.86, -0.68)"
"114",NA,NA,NA,NA,"2SLS (3)",328,-0.154700770943288,0.136718654762426,"-1.132",0.257881883761027,0.519044708479498,"5.19e-01",-0.422669334277643,0.113267792391067,"-0.15 (-0.42,  0.11)"
"115",NA,NA,NA,NA,"2SRI (Binary)",18,-0.0295479398841536,0.0310212490935266,"-0.953",0.34084019579026,0.898882477133137,"8.99e-01",-0.0903495881074657,0.0312537083391585,"-0.03 (-0.09,  0.03)"
"116","roi310","R_STSvp","Right Area STSv posterior","DMN","MR",3633,0.157345502451628,0.0584328257766783,"2.693",0.00710737896050281,0.042486332008339,"4.25e-02",0.0428171639293385,0.271873840973917," 0.16 ( 0.04,  0.27)"
"117",NA,NA,NA,NA,"2SLS (1)",3676,0.152913393750985,0.0569815942120567,"2.684",0.00730316953397659,0.033871596631719,"3.39e-02",0.0412294690953539,0.264597318406616," 0.15 ( 0.04,  0.26)"
"118",NA,NA,NA,NA,"2SLS (2)",3626,0.146895602739074,0.0569164429058431,"2.581",0.00987946260565176,0.0517041621771877,"5.17e-02",0.0353393746436215,0.258451830834526," 0.15 ( 0.04,  0.26)"
"119",NA,NA,NA,NA,"2SLS (3)",3770,0.159625401706313,0.0583236133980112,"2.737",0.00622178420898958,0.0378218449855167,"3.78e-02",0.0453111194462111,0.273939683966415," 0.16 ( 0.05,  0.27)"
"120",NA,NA,NA,NA,"2SRI (Binary)",3633,0.101415255283595,0.0329886595809657,"3.074",0.00211035327567421,0.283842515578181,"2.84e-01",0.0367574825049022,0.166073028062288," 0.10 ( 0.04,  0.17)"
"121","roi330","R_PGi","Right Area PGi","DMN","MR",7,1.11249636475343,0.368847270502431,"3.016",0.00257157566764007,0.0245675596074679,"2.46e-02",0.389555714568665,1.83543701493819," 1.11 ( 0.39,  1.84)"
"122",NA,NA,NA,NA,"2SLS (1)",14,2.00131375510219,0.404303123407835,"4.950",7.61092566854534e-07,0.00020473390048387,"2.05e-04",1.20887963322283,2.79374787698155," 2.00 ( 1.21,  2.79)"
"123",NA,NA,NA,NA,"2SLS (2)",7,1.08847817853572,0.368393392848909,"2.955",0.00314310397375989,0.0270712503546416,"2.71e-02",0.366427128551858,1.81052922851958," 1.09 ( 0.37,  1.81)"
"124",NA,NA,NA,NA,"2SLS (3)",10,1.41165859904375,0.386460596022063,"3.653",0.000261771651147977,0.00608619088919047,"6.09e-03",0.654195830840507,2.16912136724699," 1.41 ( 0.65,  2.17)"
"125",NA,NA,NA,NA,"2SRI (Binary)",7,0.064147616581552,0.0305400078294384,"2.100",0.0356896857057228,0.488074393123598,"4.88e-01",0.00428920123585274,0.124006031927251," 0.06 ( 0.00,  0.12)"
"126","roi345","R_s32","Right Area s32","DMN","MR",8,-1.0822693797296,0.30549687332483,"-3.543",0.00039934055895511,0.00716150735726164,"7.16e-03",-1.68104325144627,-0.483495508012933,"-1.08 (-1.68, -0.48)"
"127",NA,NA,NA,NA,"2SLS (1)",235,-0.240834768950654,0.12733680906913,"-1.891",0.0586268466841544,0.169576578043414,"1.70e-01",-0.490414914726149,0.00874537682484081,"-0.24 (-0.49,  0.01)"
"128",NA,NA,NA,NA,"2SLS (2)",8,-1.0514359941482,0.30040316590582,"-3.500",0.000468723377054416,0.00823466977516044,"8.23e-03",-1.64022619932361,-0.462645788972793,"-1.05 (-1.64, -0.46)"
"129",NA,NA,NA,NA,"2SLS (3)",71,-0.431116840192358,0.197469281986533,"-2.183",0.0290616195115038,0.115831312052994,"1.16e-01",-0.818156632885963,-0.0440770474987534,"-0.43 (-0.82, -0.04)"
"130",NA,NA,NA,NA,"2SRI (Binary)",8,-0.00965143056676342,0.0269971900453071,"-0.357",0.720719324826151,0.93290275354275,"9.33e-01",-0.0625659230555653,0.0432630619220385,"-0.01 (-0.06,  0.04)"
"131","roi133","L_TE1p","Left Area TE1 posterior","FPN","MR",42,0.986523366487346,0.280563915767901,"3.516",0.000441200973551293,0.00741769136783111,"7.42e-03",0.43661809158226,1.53642864139243," 0.99 ( 0.44,  1.54)"
"132",NA,NA,NA,NA,"2SLS (1)",20,1.33684247331022,0.308000697588108,"4.340",1.44431661499424e-05,0.00043169018825939,"4.32e-04",0.733161106037528,1.94052384058291," 1.34 ( 0.73,  1.94)"
"133",NA,NA,NA,NA,"2SLS (2)",36,0.943866466941944,0.272651253921539,"3.462",0.000540555291105543,0.00848989780736353,"8.49e-03",0.409470009255728,1.47826292462816," 0.94 ( 0.41,  1.48)"
"134",NA,NA,NA,NA,"2SLS (3)",33,0.965151066817661,0.278026440988573,"3.471",0.000521578616327148,0.00856002552678084,"8.56e-03",0.420219242480058,1.51008289115526," 0.97 ( 0.42,  1.51)"
"135",NA,NA,NA,NA,"2SRI (Binary)",42,0.0358444423552474,0.0333619757149901,"1.074",0.282638935290209,0.82648536551257,"8.26e-01",-0.0295450300461332,0.101233914756628," 0.04 (-0.03,  0.10)"
"136","roi263","R_p9-46v","Right Area posterior  9-46v","FPN","MR",24,-0.744844829842401,0.232637546934834,"-3.202",0.00137361785177599,0.0167956000967155,"1.68e-02",-1.20081442183468,-0.288875237850126,"-0.74 (-1.20, -0.29)"
"137",NA,NA,NA,NA,"2SLS (1)",67,-0.843499968104927,0.205132050750264,"-4.112",3.97205369334591e-05,0.000593753381814872,"5.94e-04",-1.24555878757544,-0.44144114863441,"-0.84 (-1.25, -0.44)"
"138",NA,NA,NA,NA,"2SLS (2)",27,-0.737402729090824,0.232810949886113,"-3.167",0.00154638494809949,0.0172035325476068,"1.72e-02",-1.19371219086761,-0.281093267314043,"-0.74 (-1.19, -0.28)"
"139",NA,NA,NA,NA,"2SLS (3)",10,-0.496390966072273,0.27747508025652,"-1.789",0.0736756099155753,0.221026829746726,"2.21e-01",-1.04024212337505,0.0474601912305062,"-0.50 (-1.04,  0.05)"
"140",NA,NA,NA,NA,"2SRI (Binary)",24,-0.00685518243290942,0.0252274244200691,"-0.272",0.785825535710535,0.939161648843611,"9.39e-01",-0.0563009342962449,0.042590569430426,"-0.01 (-0.06,  0.04)"
"141","roi342","R_31a","Right Area 31a","FPN","MR",11,-0.736160739069814,0.268647948019168,"-2.740",0.00615876890419755,0.0394454484578367,"3.94e-02",-1.26271071718738,-0.209610760952245,"-0.74 (-1.26, -0.21)"
"142",NA,NA,NA,NA,"2SLS (1)",8,-1.12068067372972,0.310617143222486,"-3.608",0.000311032532710784,0.0027889250433067,"2.79e-03",-1.72949027444579,-0.511871073013647,"-1.12 (-1.73, -0.51)"
"143",NA,NA,NA,NA,"2SLS (2)",11,-0.722806472412436,0.259512420418759,"-2.785",0.0053665987493744,0.0358220466520741,"3.58e-02",-1.2314508164332,-0.214162128391668,"-0.72 (-1.23, -0.21)"
"144",NA,NA,NA,NA,"2SLS (3)",77,-0.528023483015828,0.203294965570943,"-2.597",0.00941975057597404,0.0469305430481564,"4.69e-02",-0.926481615534876,-0.12956535049678,"-0.53 (-0.93, -0.13)"
"145",NA,NA,NA,NA,"2SRI (Binary)",11,0.0910585825349802,0.0321929460334175,"2.829",0.00467629130393692,0.314480590189758,"3.14e-01",0.0279604083094819,0.154156756760478," 0.09 ( 0.03,  0.15)"
"146","roi123","L_STGa","Left Area STGa","LANG","MR",82,0.625833861831916,0.215538361234202,"2.904",0.00370354399565043,0.0276737037452768,"2.77e-02",0.20337867381288,1.04828904985095," 0.63 ( 0.20,  1.05)"
"147",NA,NA,NA,NA,"2SLS (1)",190,0.385060654638094,0.153040539010064,"2.516",0.0118915568531664,0.049981699898465,"5.00e-02",0.0851011981783686,0.685020111097819," 0.39 ( 0.09,  0.69)"
"148",NA,NA,NA,NA,"2SLS (2)",77,0.603008634479888,0.210217540692288,"2.868",0.00413962750599967,0.029086330107945,"2.91e-02",0.190982254723003,1.01503501423677," 0.60 ( 0.19,  1.02)"
"149",NA,NA,NA,NA,"2SLS (3)",409,0.223563845514342,0.128888542125573,"1.735",0.0828750812331215,0.241719363753522,"2.42e-01",-0.0290576970517811,0.476185388080465," 0.22 (-0.03,  0.48)"
"150",NA,NA,NA,NA,"2SRI (Binary)",82,-0.0480254726093038,0.0324985940108223,"-1.478",0.139469142022364,0.721484600077229,"7.21e-01",-0.111722716870516,0.0156717716519079,"-0.05 (-0.11,  0.02)"
"151","roi139","L_TPOJ1","Left Area
TemporoParietoOcci pital Junction 1","LANG","MR",2,2.24750391012551,0.743350871249174,"3.023",0.0025101664381426,0.0245675596074679,"2.46e-02",0.790536202477129,3.70447161777389," 2.25 ( 0.79,  3.70)"
"152",NA,NA,NA,NA,"2SLS (1)",16,1.1731258282687,0.32625771573113,"3.596",0.000325965881004,0.00282854264484116,"2.83e-03",0.533660705435685,1.81259095110171," 1.17 ( 0.53,  1.81)"
"153",NA,NA,NA,NA,"2SLS (2)",1,2.79165815134763,1.07439344389671,"2.598",0.00939155989071288,0.0501509298164068,"5.02e-02",0.685847001310079,4.89746930138518," 2.79 ( 0.69,  4.90)"
"154",NA,NA,NA,NA,"2SLS (3)",52,0.86019933518155,0.274639373846455,"3.132",0.00174449825260136,0.0162238337491926,"1.62e-02",0.321906162442498,1.3984925079206," 0.86 ( 0.32,  1.40)"
"155",NA,NA,NA,NA,"2SRI (Binary)",2,0.0292688251232198,0.0306126043819376,"0.956",0.339019832351463,0.898882477133137,"8.99e-01",-0.0307318794653779,0.0892695297118175," 0.03 (-0.03,  0.09)"
"156","roi172","L_TGv","Left Area TG Ventral","LANG","MR",24,0.731018574045698,0.249968838947094,"2.924",0.00346457593388414,0.0274109095945539,"2.74e-02",0.241079649709394,1.220957498382," 0.73 ( 0.24,  1.22)"
"157",NA,NA,NA,NA,"2SLS (1)",76,0.607420937407782,0.171380333100926,"3.544",0.000396501308750151,0.00313702506040561,"3.14e-03",0.271515484529967,0.943326390285597," 0.61 ( 0.27,  0.94)"
"158",NA,NA,NA,NA,"2SLS (2)",25,0.624430641450553,0.238575737915629,"2.617",0.00888590304206955,0.0494278356715119,"4.94e-02",0.15682219513592,1.09203908776519," 0.62 ( 0.16,  1.09)"
"159",NA,NA,NA,NA,"2SLS (3)",857,0.0596834637499645,0.0879698225543663,"0.678",0.497511927449925,0.717136368845023,"7.17e-01",-0.112737388456593,0.232104315956522," 0.06 (-0.11,  0.23)"
"160",NA,NA,NA,NA,"2SRI (Binary)",24,-0.00269621272073087,0.0286316878543188,"-0.094",0.924975039930859,0.979599550162996,"9.80e-01",-0.0588143209151957,0.053421895473734," 0.00 (-0.06,  0.05)"
"161","roi309","R_STSdp","Right Area STSd posterior","LANG","MR",3654,0.125759954826425,0.0453683067285678,"2.772",0.00559002647392966,0.0368472196854225,"3.68e-02",0.0368380736384321,0.214681836014418," 0.13 ( 0.04,  0.21)"
"162",NA,NA,NA,NA,"2SLS (1)",3716,0.0862943185819757,0.044445958510792,"1.942",0.052234909236338,0.153410209676015,"1.53e-01",-0.000819760099176614,0.173408397263128," 0.09 ( 0.00,  0.17)"
"163",NA,NA,NA,NA,"2SLS (2)",3655,0.132962825093281,0.0441255830314959,"3.013",0.00259591147155613,0.0247626045131829,"2.48e-02",0.046476682351549,0.219448967835013," 0.13 ( 0.05,  0.22)"
"164",NA,NA,NA,NA,"2SLS (3)",3901,0.0968523026199859,0.0446090457651467,"2.171",0.0299626223604885,0.117740445613751,"1.18e-01",0.00941857292029837,0.184286032319673," 0.10 ( 0.01,  0.18)"
"165",NA,NA,NA,NA,"2SRI (Binary)",3654,0.0650522020043934,0.0257960043343074,"2.522",0.0116758150813172,0.353955902190592,"3.54e-01",0.0144920335091509,0.115612370499636," 0.07 ( 0.01,  0.12)"
"166","roi319","R_TPOJ1","Right Area
TemporoParietoOcci pital Junction 1","LANG","MR",149,0.686463835276075,0.152899824545871,"4.490",7.27730190533442e-06,0.00140377800646609,"1.40e-03",0.386780179166168,0.986147491385982," 0.69 ( 0.39,  0.99)"
"167",NA,NA,NA,NA,"2SLS (1)",158,0.63236125646166,0.151615975874722,"4.171",3.07550834545741e-05,0.000551541163285362,"5.52e-04",0.335193943747205,0.929528569176115," 0.63 ( 0.34,  0.93)"
"168",NA,NA,NA,NA,"2SLS (2)",148,0.691043691986702,0.149853996347041,"4.611",4.08742638323007e-06,0.00109134284432243,"1.09e-03",0.397329859146502,0.984757524826902," 0.69 ( 0.40,  0.98)"
"169",NA,NA,NA,NA,"2SLS (3)",1445,0.0532842700463604,0.0656417982173772,"0.812",0.416973507436849,0.658546821508169,"6.59e-01",-0.0753736544596989,0.18194219455242," 0.05 (-0.08,  0.18)"
"170",NA,NA,NA,NA,"2SRI (Binary)",149,0.0663207246116108,0.026836701058308,"2.471",0.0134634260283658,0.353955902190592,"3.54e-01",0.0137207905373271,0.118920658685894," 0.07 ( 0.01,  0.12)"
"171","roi51","L_1","Left Area 1","SMN","MR",5,-1.16275008345439,0.419695705292318,"-2.770",0.00561611898551049,0.0368472196854225,"3.68e-02",-1.98535366582733,-0.340146501081447,"-1.16 (-1.99, -0.34)"
"172",NA,NA,NA,NA,"2SLS (1)",4,-1.16400813286491,0.429888676009808,"-2.708",0.00679327544402542,0.0320594928849621,"3.21e-02",-2.00658993784413,-0.321426327885686,"-1.16 (-2.01, -0.32)"
"173",NA,NA,NA,NA,"2SLS (2)",5,-1.19317608232539,0.40975537742557,"-2.912",0.00360625192610505,0.0284505544893854,"2.85e-02",-1.99629662207951,-0.390055542571273,"-1.19 (-2.00, -0.39)"
"174",NA,NA,NA,NA,"2SLS (3)",4,-1.47361906930157,0.49780724956393,"-2.960",0.00308704035156063,0.0232779529212275,"2.33e-02",-2.44932127844687,-0.497916860156267,"-1.47 (-2.45, -0.50)"
"175",NA,NA,NA,NA,"2SRI (Binary)",5,-0.00868527761131399,0.0314534778510832,"-0.276",0.782447516850023,0.939161648843611,"9.39e-01",-0.0703340941994371,0.0529635389768091,"-0.01 (-0.07,  0.05)"
"176","roi52","L_2","Left Area 2","SMN","MR",12,-1.03893160594648,0.319625727500935,"-3.250",0.00115896283482762,0.0148457620270776,"1.48e-02",-1.66539803184831,-0.412465180044647,"-1.04 (-1.67, -0.41)"
"177",NA,NA,NA,NA,"2SLS (1)",23,-1.49508149220944,0.315065738225248,"-4.745",2.12741012143212e-06,0.000207308732110222,"2.07e-04",-2.11261033913093,-0.877552645287954,"-1.50 (-2.11, -0.88)"
"178",NA,NA,NA,NA,"2SLS (2)",12,-1.02729066348481,0.309010288991901,"-3.324",0.00089159220560838,0.0112396827110809,"1.12e-02",-1.63295082990894,-0.421630497060684,"-1.03 (-1.63, -0.42)"
"179",NA,NA,NA,NA,"2SLS (3)",48,-0.755472060787605,0.234681079458657,"-3.219",0.00129305238290515,0.0156852876013277,"1.57e-02",-1.21544697652657,-0.295497145048637,"-0.76 (-1.22, -0.30)"
"180",NA,NA,NA,NA,"2SRI (Binary)",12,0.0407903009488711,0.0287641545266591,"1.418",0.156163058909565,0.736980049941631,"7.37e-01",-0.0155874419233807,0.0971680438211229," 0.04 (-0.02,  0.10)"
"181","roi55","L_6mp","Left Area 6mp","SMN","MR",16,-0.759716684176362,0.272081228557553,"-2.792",0.00525211331943872,0.0362261149468978,"3.62e-02",-1.29299589214917,-0.226437476203558,"-0.76 (-1.29, -0.23)"
"182",NA,NA,NA,NA,"2SLS (1)",20,-1.09100857488635,0.251116746374853,"-4.345",1.41678801134245e-05,0.00043169018825939,"4.32e-04",-1.58319739778106,-0.598819751991638,"-1.09 (-1.58, -0.60)"
"183",NA,NA,NA,NA,"2SLS (2)",13,-0.726305999676662,0.267721629282167,"-2.713",0.00668974897230516,0.0405334857684953,"4.05e-02",-1.25104039306971,-0.201571606283615,"-0.73 (-1.25, -0.20)"
"184",NA,NA,NA,NA,"2SLS (3)",11,-1.11386799177711,0.32838820339669,"-3.392",0.000698826812675989,0.0108318155964778,"1.08e-02",-1.75750887043462,-0.470227113119598,"-1.11 (-1.76, -0.47)"
"185",NA,NA,NA,NA,"2SRI (Binary)",16,-0.00721771258270241,0.0273674705562472,"-0.264",0.791985454837379,0.939161648843611,"9.39e-01",-0.0608579548729469,0.0464225297075421,"-0.01 (-0.06,  0.05)"
"186","roi168","L_Ig","Left Insular Granular
Complex","SMN","MR",12,-0.946076333656187,0.264895814764737,"-3.572",0.000357909130883512,0.00687696830054748,"6.88e-03",-1.46527213059507,-0.426880536717303,"-0.95 (-1.47, -0.43)"
"187",NA,NA,NA,NA,"2SLS (1)",14,-1.19949463869336,0.270174265552773,"-4.440",9.1601432168913e-06,0.00036882865215956,"3.69e-04",-1.7290361991768,-0.669953078209925,"-1.20 (-1.73, -0.67)"
"188",NA,NA,NA,NA,"2SLS (2)",12,-0.908358843124457,0.254047212206383,"-3.576",0.000352428820034763,0.00672132106780584,"6.72e-03",-1.40629137904897,-0.410426307199946,"-0.91 (-1.41, -0.41)"
"189",NA,NA,NA,NA,"2SLS (3)",73,-0.620470955287017,0.196810364258557,"-3.153",0.00162656624805385,0.0162238337491926,"1.62e-02",-1.00621926923379,-0.234722641340245,"-0.62 (-1.01, -0.23)"
"190",NA,NA,NA,NA,"2SRI (Binary)",12,0.0163892033272065,0.0302298124263194,"0.542",0.587712658173711,0.93290275354275,"9.33e-01",-0.0428612290283795,0.0756396356827925," 0.02 (-0.04,  0.08)"
"191","roi231","R_1","Right Area 1","SMN","MR",3,-1.37674516103591,0.507039204094342,"-2.715",0.00664254625193663,0.0413662350444472,"4.14e-02",-2.37054200106082,-0.382948321011,"-1.38 (-2.37, -0.38)"
"192",NA,NA,NA,NA,"2SLS (1)",5,-1.72709950519887,0.431785180841895,"-4.000",6.40854512513901e-05,0.000783590290301088,"7.84e-04",-2.57339845964898,-0.880800550748756,"-1.73 (-2.57, -0.88)"
"193",NA,NA,NA,NA,"2SLS (2)",3,-1.29046750177101,0.476899892984172,"-2.706",0.00683148636547674,0.0405334857684953,"4.05e-02",-2.22519129201999,-0.355743711522033,"-1.29 (-2.23, -0.36)"
"194",NA,NA,NA,NA,"2SLS (3)",3,-1.37674516103591,0.507039204094342,"-2.715",0.00664254625193663,0.0378218449855167,"3.78e-02",-2.37054200106082,-0.382948321011,"-1.38 (-2.37, -0.38)"
"195",NA,NA,NA,NA,"2SRI (Binary)",3,0.0257447735364729,0.0314594068180827,"0.818",0.413157944597902,0.93290275354275,"9.33e-01",-0.0359156638269692,0.087405210899915," 0.03 (-0.04,  0.09)"
"196","roi235","R_6mp","Right Area 6mp","SMN","MR",8,-0.92660983691005,0.306171274696097,"-3.026",0.00248570904914937,0.0245675596074679,"2.46e-02",-1.5267055353144,-0.3265141385057,"-0.93 (-1.53, -0.33)"
"197",NA,NA,NA,NA,"2SLS (1)",10,-1.4066822654483,0.307643062685866,"-4.572",4.91169186780446e-06,0.00033031127810985,"3.30e-04",-2.0096626683126,-0.803701862584003,"-1.41 (-2.01, -0.80)"
"198",NA,NA,NA,NA,"2SLS (2)",5,-0.930287937440821,0.369024104924011,"-2.521",0.0117316094665699,0.0580062912513734,"5.80e-02",-1.65357518309188,-0.207000691789759,"-0.93 (-1.65, -0.21)"
"199",NA,NA,NA,NA,"2SLS (3)",2,-1.33893996275271,0.504519655721346,"-2.654",0.00797937407069445,0.0433766562563228,"4.34e-02",-2.32779848796655,-0.350081437538872,"-1.34 (-2.33, -0.35)"
"200",NA,NA,NA,NA,"2SRI (Binary)",8,0.00961191123819434,0.025383233718686,"0.379",0.704931701151532,0.93290275354275,"9.33e-01",-0.0401392268504302,0.0593630493268189," 0.01 (-0.04,  0.06)"
"201","roi2","L_MST","Left Medial Superior
Temporal Area","VIS2","MR",55,0.85251733180274,0.193230184095594,"4.412",1.04370112004914e-05,0.00140377800646609,"1.40e-03",0.473786170975376,1.2312484926301," 0.85 ( 0.47,  1.23)"
"202",NA,NA,NA,NA,"2SLS (1)",98,0.682583234271549,0.169494203879506,"4.027",5.71062633948015e-05,0.00076807924266008,"7.68e-04",0.350374594667717,1.01479187387538," 0.68 ( 0.35,  1.01)"
"203",NA,NA,NA,NA,"2SLS (2)",54,0.79416411678356,0.183883107564487,"4.319",1.5954316107265e-05,0.00170852658719758,"1.71e-03",0.433753225957166,1.15457500760995," 0.79 ( 0.43,  1.15)"
"204",NA,NA,NA,NA,"2SLS (3)",639,0.270928618432717,0.0941309453189257,"2.878",0.00401447981931407,0.029474733410227,"2.95e-02",0.0864319656076226,0.455425271257811," 0.27 ( 0.09,  0.46)"
"205",NA,NA,NA,NA,"2SRI (Binary)",55,-0.00148215179615903,0.0288702478165791,"-0.051",0.959055884406807,0.986657204999948,"9.87e-01",-0.0580678375166541,0.055103533924336," 0.00 (-0.06,  0.06)"
"206","roi16","L_V7","Left Seventh Visual Area","VIS2","MR",19,-1.09793621596697,0.299257980498538,"-3.669",0.000245889033903738,0.00508801154770042,"5.09e-03",-1.6844818577441,-0.511390574189836,"-1.10 (-1.68, -0.51)"
"207",NA,NA,NA,NA,"2SLS (1)",39,-0.856556244613974,0.21474104687769,"-3.989",6.71560463514795e-05,0.000785433759502086,"7.85e-04",-1.27744869649425,-0.435663792733702,"-0.86 (-1.28, -0.44)"
"208",NA,NA,NA,NA,"2SLS (2)",20,-1.03337560199933,0.301077335230456,"-3.432",0.00060289241443397,0.00894290414743722,"8.94e-03",-1.62348717905102,-0.443264024947636,"-1.03 (-1.62, -0.44)"
"209",NA,NA,NA,NA,"2SLS (3)",49,-0.630292899779266,0.246766525652111,"-2.554",0.0106691371594728,0.0504523604659815,"5.05e-02",-1.1139552900574,-0.146630509501128,"-0.63 (-1.11, -0.15)"
"210",NA,NA,NA,NA,"2SRI (Binary)",19,0.0350145974375048,0.030500063604466,"1.148",0.250961465853604,0.793887675471717,"7.94e-01",-0.0247655272272486,0.0947947221022581," 0.04 (-0.02,  0.09)"
"211","roi21","L_LO2","Left Area Lateral Occipital 2","VIS2","MR",24,-0.72359766020729,0.267094877062274,"-2.709",0.00676622431953783,0.0413662350444472,"4.14e-02",-1.24710361924935,-0.200091701165233,"-0.72 (-1.25, -0.20)"
"212",NA,NA,NA,NA,"2SLS (1)",101,-0.466880626720491,0.201169947840173,"-2.321",0.0203276022422263,0.0752944335936446,"7.53e-02",-0.86117372448723,-0.0725875289537519,"-0.47 (-0.86, -0.07)"
"213",NA,NA,NA,NA,"2SLS (2)",21,-0.83800051727795,0.278112151221698,"-3.013",0.00259682743958472,0.0247626045131829,"2.48e-02",-1.38310033367248,-0.292900700883422,"-0.84 (-1.38, -0.29)"
"214",NA,NA,NA,NA,"2SLS (3)",14,-0.937709822486872,0.296435952603102,"-3.163",0.00156833937668196,0.0162238337491926,"1.62e-02",-1.51872428958895,-0.356695355384792,"-0.94 (-1.52, -0.36)"
"215",NA,NA,NA,NA,"2SRI (Binary)",24,-0.0210252534073041,0.02928603216698,"-0.718",0.472801873818984,0.93290275354275,"9.33e-01",-0.0784258764545849,0.0363753696399767,"-0.02 (-0.08,  0.04)"
"216","roi182","R_MST","Right Medial Superior
Temporal Area","VIS2","MR",31,0.76159609644639,0.179462767046599,"4.244",2.23348892105677e-05,0.0020026950658809,"2.00e-03",0.409849073035056,1.11334311985772," 0.76 ( 0.41,  1.11)"
"217",NA,NA,NA,NA,"2SLS (1)",33,0.653620304572471,0.179101216889972,"3.649",0.000264909490504748,0.00245726389468197,"2.46e-03",0.302581919468126,1.00465868967682," 0.65 ( 0.30,  1.00)"
"218",NA,NA,NA,NA,"2SLS (2)",31,0.750773327477997,0.17820442595167,"4.213",2.55959039280536e-05,0.00170852658719758,"1.71e-03",0.401492652612724,1.10005400234327," 0.75 ( 0.40,  1.10)"
"219",NA,NA,NA,NA,"2SLS (3)",122,0.399136863700554,0.146858752363341,"2.718",0.00659135134233265,0.0378218449855167,"3.78e-02",0.111293709068406,0.686980018332702," 0.40 ( 0.11,  0.69)"
"220",NA,NA,NA,NA,"2SRI (Binary)",31,0.00445669932244817,0.0241791323710945,"0.184",0.853762371659108,0.941942972252302,"9.42e-01",-0.042934400124897,0.0518477987697934," 0.00 (-0.04,  0.05)"
"221","roi363","amygdala_left","Amygdala Left","SUBC","MR",105,-0.396410556293212,0.130081107093616,"-3.047",0.0023189478458783,0.0245675596074679,"2.46e-02",-0.651369526196699,-0.141451586389725,"-0.40 (-0.65, -0.14)"
"222",NA,NA,NA,NA,"2SLS (1)",78,-0.593471398482819,0.1453943347293,"-4.082",4.52336909961711e-05,0.000640413835682633,"6.40e-04",-0.878444294552247,-0.308498502413391,"-0.59 (-0.88, -0.31)"
"223",NA,NA,NA,NA,"2SLS (2)",94,-0.392413986414461,0.132321069804253,"-2.966",0.00303344530924584,0.026997663252288,"2.70e-02",-0.651763283230797,-0.133064689598125,"-0.39 (-0.65, -0.13)"
"224",NA,NA,NA,NA,"2SLS (3)",101,-0.411054741028381,0.126778777343754,"-3.242",0.0011926174176324,0.0151245572508836,"1.51e-02",-0.659541144622139,-0.162568337434623,"-0.41 (-0.66, -0.16)"
"225",NA,NA,NA,NA,"2SRI (Binary)",105,-0.000399259917083203,0.0189258431209873,"-0.021",0.98316906178912,0.987853812603515,"9.88e-01",-0.0374939124342183,0.0366953926000519," 0.00 (-0.04,  0.04)"
"226","roi369","diencephalon_left","Diencephalon Left","SUBC","MR",1365,0.191381929792305,0.063641756902244,"3.007",0.00264854731827721,0.0245675596074679,"2.46e-02",0.0666440862639068,0.316119773320703," 0.19 ( 0.07,  0.32)"
"227",NA,NA,NA,NA,"2SLS (1)",1783,0.0668695975227653,0.0551111529686181,"1.213",0.225037694356615,0.438660433202387,"4.39e-01",-0.0411482622957262,0.174887457341257," 0.07 (-0.04,  0.17)"
"228",NA,NA,NA,NA,"2SLS (2)",1370,0.195622040176341,0.0614964176376447,"3.181",0.00147550235408608,0.0171286577626514,"1.71e-02",0.0750890616065574,0.316155018746125," 0.20 ( 0.08,  0.32)"
"229",NA,NA,NA,NA,"2SLS (3)",3241,0.118135015160426,0.0450496796052167,"2.622",0.00875671446397627,0.0452430247305441,"4.52e-02",0.0298376431342013,0.206432387186651," 0.12 ( 0.03,  0.21)"
"230",NA,NA,NA,NA,"2SRI (Binary)",1365,-0.00078190037644142,0.0247911539903755,"-0.032",0.97483929859048,0.987853812603515,"9.88e-01",-0.0493725621975774,0.0478087614446946," 0.00 (-0.05,  0.05)"
