"","roi","ROI","OLS_Coefficient","OLS_P_Value","OLS_N","IV_Coefficient","IV_StdError","IV_Stats","IV_P_Value","Num_snps","IV_N"
"1","1","L_V1_ROI","0.0793624476934136","0.0568411147096874","5628","-0.0597313722526154","0.124204125439304","-0.480912949077563","0.630597096991253","371","5628"
"2","2","L_MST_ROI","0.0734274472520065","0.0793369974861975","5628","0.270928618432717","0.0941309453189257","2.87820989701933","0.00401447981931407","639","5628"
"3","3","L_V6_ROI","0.0151316191081988","0.708482554279471","5628","-0.0114189821412178","0.0573067681291764","-0.199260619888352","0.842066093251647","2358","5628"
"4","No SNP","No SNP","No SNP","No SNP","No SNP","No SNP","No SNP","No SNP","No SNP","No SNP","No SNP"
"5","5","L_V3_ROI","0.135338528027741","0.00344153577069851","5628","1.14836729522291","0.340171393412049","3.37584910860479","0.000740873677371299","7","5628"
"6","6","L_V4_ROI","0.13156451505018","0.00242046199129763","5628","0.642411617043086","0.38528177933599","1.66738125574026","0.0954943543702882","3","5628"
"7","7","L_V8_ROI","0.0804720654440792","0.0942430549075665","5628","1.20140526919985","0.57891995009037","2.07525283765451","0.0380085084979417","2","5628"
"8","No SNP","No SNP","No SNP","No SNP","No SNP","No SNP","No SNP","No SNP","No SNP","No SNP","No SNP"
"9","No SNP","No SNP","No SNP","No SNP","No SNP","No SNP","No SNP","No SNP","No SNP","No SNP","No SNP"
"10","No SNP","No SNP","No SNP","No SNP","No SNP","No SNP","No SNP","No SNP","No SNP","No SNP","No SNP"
"11","No SNP","No SNP","No SNP","No SNP","No SNP","No SNP","No SNP","No SNP","No SNP","No SNP","No SNP"
"12","12","L_55b_ROI","0.0178400516496713","0.62307747791697","5628","0.96598902322205","0.257184828427514","3.75601091685044","0.000174390085786811","22","5628"
"13","No SNP","No SNP","No SNP","No SNP","No SNP","No SNP","No SNP","No SNP","No SNP","No SNP","No SNP"
"14","14","L_RSC_ROI","0.0709880325915265","0.0583092629765158","5628","-0.0499698617564534","0.0993825085232518","-0.502803385615511","0.615122222456572","460","5628"
"15","15","L_POS2_ROI","0.0747753563966558","0.038924882441916","5628","0.973369417429931","0.537930022272158","1.80947219364802","0.070431099591071","1","5628"
"16","16","L_V7_ROI","0.00281142035593492","0.949521255143716","5628","-0.630292899779266","0.246766525652111","-2.55420745627326","0.0106691371594728","49","5628"
"17","17","L_IPS1_ROI","0.062029624087591","0.14143141085813","5628","0.0253000134627314","0.0644121826855409","0.392783048297643","0.694494628179299","1874","5628"
"18","18","L_FFC_ROI","0.0440165986418734","0.305856991276017","5628","-0.109654803220943","0.0766998442313549","-1.4296613548547","0.15286984192754","1277","5628"
"19","No SNP","No SNP","No SNP","No SNP","No SNP","No SNP","No SNP","No SNP","No SNP","No SNP","No SNP"
"20","No SNP","No SNP","No SNP","No SNP","No SNP","No SNP","No SNP","No SNP","No SNP","No SNP","No SNP"
"21","21","L_LO2_ROI","0.0464491280075984","0.279032825121747","5628","-0.937709822486872","0.296435952603102","-3.16327967054108","0.00156833937668196","14","5628"
"22","No SNP","No SNP","No SNP","No SNP","No SNP","No SNP","No SNP","No SNP","No SNP","No SNP","No SNP"
"23","No SNP","No SNP","No SNP","No SNP","No SNP","No SNP","No SNP","No SNP","No SNP","No SNP","No SNP"
"24","24","L_A1_ROI","-0.0564018473671015","0.217290759703037","5628","-0.0969638423547136","0.0665453370383099","-1.45710949362074","0.14514204752154","2135","5628"
"25","No SNP","No SNP","No SNP","No SNP","No SNP","No SNP","No SNP","No SNP","No SNP","No SNP","No SNP"
"26","26","L_SFL_ROI","0.0959898437678958","0.0089618605167318","5628","-0.297919827681643","0.325329567264988","-0.915747775974448","0.359838505046994","3","5628"
"27","27","L_PCV_ROI","0.0593334433343917","0.163947316089999","5628","-0.285732850746807","0.623701696602176","-0.458124215956814","0.646880921035585","1","5628"
"28","28","L_STV_ROI","0.024919396037244","0.62736610679918","5628","0.460033018527233","0.802706296656365","0.573102541294965","0.566598203877796","1","5628"
"29","No SNP","No SNP","No SNP","No SNP","No SNP","No SNP","No SNP","No SNP","No SNP","No SNP","No SNP"
"30","30","L_7m_ROI","0.00240612886353871","0.961794897470154","5628","0.780355510986169","0.426003928254127","1.8318035567988","0.0670336092822294","3","5628"
"31","31","L_POS1_ROI","0.0359475935230168","0.32803266760042","5628","-0.000941660507241022","0.0793312201266208","-0.0118699864408745","0.990529764952324","726","5628"
"32","32","L_23d_ROI","0.0657051403546072","0.0912132907607336","5628","-0.921110798899374","0.249005653134205","-3.69915617298426","0.000218383944740707","45","5628"
"33","33","L_v23ab_ROI","-0.0389495557641996","0.445834530829471","5628","-0.433679654903214","0.711583092396971","-0.609457503328757","0.54224587882358","1","5628"
"34","34","L_d23ab_ROI","0.071966289909165","0.140582405400217","5628","-0.390244395715667","0.192670306854128","-2.02545167487133","0.0428681909044568","157","5628"
"35","35","L_31pv_ROI","0.0566847441448714","0.217172578547087","5628","-0.179528557877004","0.132337330202665","-1.35659800301298","0.174963486422222","432","5628"
"36","36","L_5m_ROI","0.0552505527811239","0.181455373191123","5628","0.145608405966354","0.0861577157304674","1.69002166238797","0.0910792900009808","801","5628"
"37","No SNP","No SNP","No SNP","No SNP","No SNP","No SNP","No SNP","No SNP","No SNP","No SNP","No SNP"
"38","No SNP","No SNP","No SNP","No SNP","No SNP","No SNP","No SNP","No SNP","No SNP","No SNP","No SNP"
"39","No SNP","No SNP","No SNP","No SNP","No SNP","No SNP","No SNP","No SNP","No SNP","No SNP","No SNP"
"40","No SNP","No SNP","No SNP","No SNP","No SNP","No SNP","No SNP","No SNP","No SNP","No SNP","No SNP"
"41","41","L_24dv_ROI","0.0891808354979552","0.0192917860398939","5628","-0.36467866891865","0.215520589420042","-1.6920827374312","0.0906856534465541","48","5628"
"42","No SNP","No SNP","No SNP","No SNP","No SNP","No SNP","No SNP","No SNP","No SNP","No SNP","No SNP"
"43","43","L_SCEF_ROI","0.140688524898165","0.000175278743476597","5628","0.275417478249175","0.537319873086405","0.512576385211953","0.608267826848201","1","5628"
"44","44","L_6ma_ROI","0.0168749499378867","0.652642868286869","5628","-0.869116374253789","0.228718629360462","-3.79993696483751","0.000146263173035595","25","5628"
"45","45","L_7Am_ROI","0.11235984550559","0.0199748006809833","5628","0.849545719110577","0.236684790849663","3.58935492247235","0.000334324773146526","73","5628"
"46","46","L_7PL_ROI","0.0356018235979013","0.427710193843293","5628","-0.249738400245336","0.125400865211698","-1.99152055150286","0.0464720272674437","357","5628"
"47","47","L_7PC_ROI","-0.0175057280850577","0.707936298191283","5628","0.304231302828401","0.586194558729879","0.51899373390225","0.603785553761885","2","5628"
"48","48","L_LIPv_ROI","0.0142431404556094","0.7465858139311","5628","-0.358271534288701","0.606287301033012","-0.590926997280442","0.554593108143327","1","5628"
"49","49","L_VIP_ROI","0.0343207098977274","0.459959321751436","5628","0.826688643997535","0.314813818482198","2.62596047398181","0.00866391922467341","13","5628"
"50","50","L_MIP_ROI","0.0129913080015058","0.762278281092189","5628","-0.0632149519468954","0.0707047767886649","-0.89406904056629","0.371323251969581","1504","5628"
"51","51","L_1_ROI","-0.0808997169668547","0.078656766132633","5628","-1.47361906930157","0.49780724956393","-2.96022018681413","0.00308704035156063","4","5628"
"52","52","L_2_ROI","0.0116811109503395","0.782391135365743","5628","-0.755472060787605","0.234681079458657","-3.2191434543009","0.00129305238290515","48","5628"
"53","No SNP","No SNP","No SNP","No SNP","No SNP","No SNP","No SNP","No SNP","No SNP","No SNP","No SNP"
"54","54","L_6d_ROI","-0.00787867327931788","0.852450696690196","5628","-0.460257499620628","0.624959966207829","-0.736459172598538","0.461482055316612","1","5628"
"55","55","L_6mp_ROI","0.0286184076889121","0.469646512548513","5628","-1.11386799177711","0.32838820339669","-3.39192449745696","0.000698826812675989","11","5628"
"56","No SNP","No SNP","No SNP","No SNP","No SNP","No SNP","No SNP","No SNP","No SNP","No SNP","No SNP"
"57","57","L_p24pr_ROI","0.105166137099544","0.0121143466304314","5628","-0.623173376171311","0.325631642476411","-1.913737164583","0.0557045092234603","8","5628"
"58","58","L_33pr_ROI","0.0205567858491016","0.456754575964632","5628","0.35281241333658","0.140954560155196","2.50302234243518","0.0123419441357303","22","5628"
"59","No SNP","No SNP","No SNP","No SNP","No SNP","No SNP","No SNP","No SNP","No SNP","No SNP","No SNP"
"60","No SNP","No SNP","No SNP","No SNP","No SNP","No SNP","No SNP","No SNP","No SNP","No SNP","No SNP"
"61","61","L_a24_ROI","0.0831987053516967","0.0342796323199762","5628","0.124596576500766","0.0503802491038995","2.47312347034669","0.0134231510778661","3041","5628"
"62","62","L_d32_ROI","0.00140389633763108","0.968616315664454","5628","-0.00640751456958672","0.0448889008872598","-0.142741623050193","0.88649936172351","3172","5628"
"63","63","L_8BM_ROI","0.0233848959472419","0.493221238076707","5628","0.00915503306626391","0.0466287724062442","0.196338710925144","0.844352165558337","2527","5628"
"64","64","L_p32_ROI","-0.014241506318332","0.673926662153788","5628","-0.0321161131774318","0.041145989733475","-0.780540543208835","0.43510565855275","3457","5628"
"65","65","L_10r_ROI","0.0158570998430327","0.668427554946787","5628","0.00423891823339152","0.0452387596940105","0.0937010267757792","0.925349995975429","3517","5628"
"66","66","L_47m_ROI","0.0136707814377549","0.741882255696909","5628","-0.0179151948760264","0.122106410375046","-0.146717889920771","0.883359961677765","307","5628"
"67","No SNP","No SNP","No SNP","No SNP","No SNP","No SNP","No SNP","No SNP","No SNP","No SNP","No SNP"
"68","68","L_8Ad_ROI","0.0461102742245622","0.217207360534258","5628","-1.15608901927175","0.367296866911208","-3.14756025281106","0.001655007962916","4","5628"
"69","69","L_9m_ROI","0.0625134486945166","0.0590550524731497","5628","0.0320771016601814","0.0387623303241691","0.827532849339057","0.407970260182837","3951","5628"
"70","70","L_8BL_ROI","0.0894067617942239","0.0169909115252262","5628","0.0531845154025958","0.0459139058060509","1.15835310607765","0.246769205695671","3521","5628"
"71","71","L_9p_ROI","0.0626696795497534","0.0619732550623445","5628","0.0387029005743242","0.0411405779761552","0.940747614113641","0.346874659568123","3529","5628"
"72","72","L_10d_ROI","-0.00088775859266775","0.971594846656262","5628","-0.00463869120850736","0.0285507515142883","-0.162471772632181","0.87094019828584","4060","5628"
"73","73","L_8C_ROI","0.0125794130708865","0.755471011743413","5628","-0.183955346487458","0.468540603187776","-0.392613458120586","0.694619893032893","2","5628"
"74","74","L_44_ROI","0.0193104433403727","0.608588522492082","5628","-0.623988934238947","0.196468743522472","-3.17602140193652","0.00150117697114289","50","5628"
"75","75","L_45_ROI","0.0869660562800623","0.0379879631978343","5628","0.0900134279116289","0.0511160127870859","1.76096340468813","0.078298993320635","3594","5628"
"76","76","L_47l_ROI","0.0210632399131702","0.650958364734416","5628","-0.0133722987939345","0.05568015480791","-0.240162744519432","0.810212856503157","3782","5628"
"77","77","L_a47r_ROI","-0.0166677270179807","0.635754972709558","5628","-0.0439469351817522","0.0428601318664166","-1.02535697553901","0.305238927656937","3585","5628"
"78","78","L_6r_ROI","0.0435067009869298","0.353419335063676","5628","-0.695925813105109","0.22061819308528","-3.15443528646841","0.00161657410398061","93","5628"
"79","79","L_IFJa_ROI","-0.0189901247549849","0.602257092549045","5628","0.273819264855893","0.309785849931725","0.883898554166503","0.376788801353888","4","5628"
"80","No SNP","No SNP","No SNP","No SNP","No SNP","No SNP","No SNP","No SNP","No SNP","No SNP","No SNP"
"81","81","L_IFSp_ROI","0.0304915280156797","0.416964096558126","5628","-0.151070940303442","0.144909361911769","-1.04252022305795","0.297215413292391","152","5628"
"82","82","L_IFSa_ROI","0.000116090436766665","0.997397031650833","5628","-0.750077172551315","0.262888205158961","-2.85321729096885","0.00434372324969802","9","5628"
"83","83","L_p9-46v_ROI","0.0429984726317403","0.258706204567062","5628","-0.493639214778926","0.636617281719174","-0.775409698973082","0.438130243034523","1","5628"
"84","84","L_46_ROI","0.0563091391763409","0.0912590878288871","5628","-0.846882596198095","0.303245082280884","-2.79273315770925","0.00524416016518079","4","5628"
"85","85","L_a9-46v_ROI","-0.027014540888845","0.414686269888098","5628","-0.0195973704852564","0.0396111833904577","-0.494743373155002","0.620800627483786","3686","5628"
"86","86","L_9-46d_ROI","-0.0238801919605846","0.450824559590524","5628","-0.0370083204663125","0.0437431392571734","-0.84603714078988","0.397568058464977","2476","5628"
"87","87","L_9a_ROI","0.0136895788156536","0.648792140488842","5628","-0.00990437454060805","0.0349471404099868","-0.2834101567228","0.776872886241904","3983","5628"
"88","88","L_10v_ROI","-0.0566874453037931","0.128177665097009","5628","-0.0428377221328668","0.0453245695872877","-0.945132463980013","0.344631898924423","3681","5628"
"89","89","L_a10p_ROI","0.0252089131304802","0.396403646748449","5628","0.0143545612384325","0.0348329315658241","0.412097420261815","0.680283742286659","3896","5628"
"90","90","L_10pp_ROI","-0.0436756264959903","0.101547133478051","5628","-0.0606967782958699","0.0321360083846987","-1.88874665357538","0.0589772491301433","3645","5628"
"91","91","L_11l_ROI","0.0423641717285852","0.165528699915335","5628","-0.376274908490816","0.146430612927169","-2.5696464760273","0.0102057932949647","110","5628"
"92","92","L_13l_ROI","0.0253723747044225","0.466983394520765","5628","-0.00357557839658801","0.0499589174873366","-0.0715703737474763","0.94294636550159","2255","5628"
"93","93","L_OFC_ROI","-0.0141739854582843","0.673718138531626","5628","-0.0476862337271772","0.0609020558845298","-0.782998751595352","0.43366084949141","1262","5628"
"94","94","L_47s_ROI","-0.00679567116630337","0.880659818053887","5628","-0.0144069477637592","0.0563171362150825","-0.255818188423807","0.798100594463925","3351","5628"
"95","95","L_LIPd_ROI","0.0572962082176626","0.235018507963814","5628","-0.243469709188332","0.142637028119357","-1.70691798895725","0.0878925563919938","390","5628"
"96","No SNP","No SNP","No SNP","No SNP","No SNP","No SNP","No SNP","No SNP","No SNP","No SNP","No SNP"
"97","97","L_i6-8_ROI","0.0530173112520337","0.203265014029252","5628","1.20395538586119","0.283921580148443","4.24045042730363","2.26652512616691e-05","10","5628"
"98","No SNP","No SNP","No SNP","No SNP","No SNP","No SNP","No SNP","No SNP","No SNP","No SNP","No SNP"
"99","No SNP","No SNP","No SNP","No SNP","No SNP","No SNP","No SNP","No SNP","No SNP","No SNP","No SNP"
"100","No SNP","No SNP","No SNP","No SNP","No SNP","No SNP","No SNP","No SNP","No SNP","No SNP","No SNP"
"101","No SNP","No SNP","No SNP","No SNP","No SNP","No SNP","No SNP","No SNP","No SNP","No SNP","No SNP"
"102","No SNP","No SNP","No SNP","No SNP","No SNP","No SNP","No SNP","No SNP","No SNP","No SNP","No SNP"
"103","103","L_52_ROI","0.00741755588846886","0.855415281304738","5628","0.0306190055218338","0.0594616632181637","0.514936916740679","0.60661736120565","2098","5628"
"104","104","L_RI_ROI","0.0146400948881964","0.74647378362968","5628","0.0270256036588737","0.106389667028214","0.254024703843718","0.799485769310882","616","5628"
"105","No SNP","No SNP","No SNP","No SNP","No SNP","No SNP","No SNP","No SNP","No SNP","No SNP","No SNP"
"106","106","L_PoI2_ROI","0.0208203381589639","0.649634985012378","5628","-1.73174967224998","0.630230681605866","-2.74780286455965","0.0060187512549697","3","5628"
"107","107","L_TA2_ROI","0.0330127827643377","0.448014425100682","5628","0.089941453347786","0.071415458119369","1.25941155761336","0.207934037604474","1539","5628"
"108","108","L_FOP4_ROI","0.122301051603928","0.00422028872847666","5628","1.49987737311099","0.699082034675053","2.14549551943237","0.0319559824073333","1","5628"
"109","No SNP","No SNP","No SNP","No SNP","No SNP","No SNP","No SNP","No SNP","No SNP","No SNP","No SNP"
"110","110","L_Pir_ROI","0.0412351206546916","0.243729346681738","5628","1.17682229247036","0.326664376793438","3.60254247500793","0.000317844976898449","8","5628"
"111","No SNP","No SNP","No SNP","No SNP","No SNP","No SNP","No SNP","No SNP","No SNP","No SNP","No SNP"
"112","No SNP","No SNP","No SNP","No SNP","No SNP","No SNP","No SNP","No SNP","No SNP","No SNP","No SNP"
"113","No SNP","No SNP","No SNP","No SNP","No SNP","No SNP","No SNP","No SNP","No SNP","No SNP","No SNP"
"114","No SNP","No SNP","No SNP","No SNP","No SNP","No SNP","No SNP","No SNP","No SNP","No SNP","No SNP"
"115","No SNP","No SNP","No SNP","No SNP","No SNP","No SNP","No SNP","No SNP","No SNP","No SNP","No SNP"
"116","116","L_PFt_ROI","-0.0708856042775858","0.129333861036654","5628","-0.787270113929672","0.251335432109404","-3.13234830171887","0.0017430551976186","84","5628"
"117","117","L_AIP_ROI","-0.0695197147219811","0.133429293367455","5628","-0.039204167662365","0.0610147024949177","-0.642536406133106","0.520551178781985","2717","5628"
"118","118","L_EC_ROI","0.0267524762359969","0.602315622502243","5628","1.00730730426968","0.323158891383331","3.11706510675833","0.0018358352295897","28","5628"
"119","119","L_PreS_ROI","-0.0554835741307678","0.197444899548904","5628","-0.125631755379941","0.125282831142151","-1.00278509221582","0.316007751680612","372","5628"
"120","120","L_H_ROI","-0.0520299592041017","0.331158951248817","5628","1.11711515441859","0.408805897742434","2.73262974088113","0.00630274540479115","11","5628"
"121","121","L_ProS_ROI","-0.00603882249882826","0.838185989345884","5628","0.00245779542751621","0.0353213173638262","0.0695839116701044","0.94452731905699","3806","5628"
"122","No SNP","No SNP","No SNP","No SNP","No SNP","No SNP","No SNP","No SNP","No SNP","No SNP","No SNP"
"123","123","L_STGa_ROI","-0.010324464557444","0.829491953642396","5628","0.223563845514342","0.128888542125573","1.7345517439132","0.0828750812331215","409","5628"
"124","124","L_PBelt_ROI","0.0608562761951236","0.164069644894732","5628","0.116671780915912","0.0528277610465874","2.20853162436739","0.0272474637116453","3729","5628"
"125","125","L_A5_ROI","0.0194330903655273","0.604982999782048","5628","0.0475024714775755","0.0454381966394521","1.04543038656449","0.295869076939723","3578","5628"
"126","126","L_PHA1_ROI","-0.0176708424140928","0.705865439019058","5628","-0.0465145848870291","0.0623033965850202","-0.746581846842885","0.455347250306443","2765","5628"
"127","127","L_PHA3_ROI","0.028203823683691","0.464693242819887","5628","0.0152036640433276","0.0532116658421709","0.285720505131763","0.775102732055471","2497","5628"
"128","128","L_STSda_ROI","-0.056710431510165","0.150475105998088","5628","-0.0183877287704029","0.0490461010004389","-0.374907044501628","0.707743751433845","3305","5628"
"129","129","L_STSdp_ROI","0.0479528985114136","0.29303665832574","5628","0.094793674524938","0.0547030327110193","1.73287786484721","0.0831722541947603","3692","5628"
"130","130","L_STSvp_ROI","0.0497799216147271","0.329797016760341","5628","0.0884695600447665","0.061816719973373","1.43115907933766","0.152440250771043","3557","5628"
"131","131","L_TGd_ROI","-0.0466172882145272","0.281202536604489","5628","0.590780504060426","0.264422693812623","2.23422768878933","0.0255072807472724","17","5628"
"132","132","L_TE1a_ROI","-0.0839894032809985","0.0612208138954064","5628","-0.0607942261348832","0.0622039238129356","-0.977337479830184","0.328444185687588","2283","5628"
"133","133","L_TE1p_ROI","0.07202511205255","0.139198479766883","5628","0.965151066817661","0.278026440988573","3.47143625399762","0.000521578616327148","33","5628"
"134","134","L_TE2a_ROI","0.0330773374088705","0.410330722814685","5628","0.0512922409993503","0.0491187588144512","1.04424953393284","0.296414884677001","3542","5628"
"135","135","L_TF_ROI","-0.0729146981615206","0.0657651242138547","5628","-0.133526627658665","0.126667271147322","-1.05415255613555","0.291858410656925","337","5628"
"136","136","L_TE2p_ROI","0.000166670732917891","0.996932226794897","5628","-0.694496099017085","0.251464341356042","-2.7618074804243","0.00576691730392812","14","5628"
"137","137","L_PHT_ROI","-0.00430647076247813","0.928708071990321","5628","-0.240332359345127","0.139227579241397","-1.72618356689541","0.0843693729202629","404","5628"
"138","138","L_PH_ROI","0.0462163222579918","0.316430104333985","5628","-1.20159281591921","0.276979708127118","-4.33819800029448","1.46172443442478e-05","32","5628"
"139","139","L_TPOJ1_ROI","0.0236287075572731","0.59662070522824","5628","0.86019933518155","0.274639373846455","3.1321049241194","0.00174449825260136","52","5628"
"140","140","L_TPOJ2_ROI","0.118488340860677","0.00923319711719943","5628","-0.865210329638833","0.627670530433604","-1.37844663352465","0.168120322133461","2","5628"
"141","141","L_TPOJ3_ROI","0.0703061975805485","0.0922196480623971","5628","-0.426629990709522","0.15710824821735","-2.71551618422544","0.00663749073302144","176","5628"
"142","142","L_DVT_ROI","0.0372887231499843","0.284394077085839","5628","0.0663178905199424","0.0471209163754223","1.40739814972132","0.159364682679924","2544","5628"
"143","143","L_PGp_ROI","0.0516957592790933","0.223229269471606","5628","-0.101063767532519","0.103816936042637","-0.973480545515349","0.330356436536988","600","5628"
"144","144","L_IP2_ROI","0.0189800378968916","0.6714052405557","5628","-0.00285786558363921","0.0584944935591176","-0.0488570019116569","0.961034992147937","2840","5628"
"145","No SNP","No SNP","No SNP","No SNP","No SNP","No SNP","No SNP","No SNP","No SNP","No SNP","No SNP"
"146","146","L_IP0_ROI","0.0714245521586284","0.105199353371007","5628","0.0313789076678588","0.0903088278314988","0.347462240639493","0.728257097157758","864","5628"
"147","No SNP","No SNP","No SNP","No SNP","No SNP","No SNP","No SNP","No SNP","No SNP","No SNP","No SNP"
"148","148","L_PF_ROI","0.0145682899400697","0.754046217992935","5628","-0.575718739032623","0.174134054544357","-3.3061812092934","0.00095170525607201","229","5628"
"149","No SNP","No SNP","No SNP","No SNP","No SNP","No SNP","No SNP","No SNP","No SNP","No SNP","No SNP"
"150","No SNP","No SNP","No SNP","No SNP","No SNP","No SNP","No SNP","No SNP","No SNP","No SNP","No SNP"
"151","No SNP","No SNP","No SNP","No SNP","No SNP","No SNP","No SNP","No SNP","No SNP","No SNP","No SNP"
"152","152","L_V6A_ROI","0.0119997557254875","0.750801201039725","5628","-0.000326812128197236","0.0509794807339942","-0.006410660200768","0.994885295850355","2578","5628"
"153","153","L_VMV1_ROI","-0.0090644619812738","0.860675019535538","5628","-0.0471269059035429","0.0690032197032538","-0.682966767437965","0.494656004084872","2695","5628"
"154","154","L_VMV3_ROI","0.1074103249173","0.0146444997235536","5628","-0.326733486864319","0.352642869718966","-0.926527983182261","0.354211461216409","4","5628"
"155","155","L_PHA2_ROI","0.000488849939429174","0.990233491938647","5628","-0.0426037361436442","0.0518140720324941","-0.822242577594098","0.410973746037969","2818","5628"
"156","No SNP","No SNP","No SNP","No SNP","No SNP","No SNP","No SNP","No SNP","No SNP","No SNP","No SNP"
"157","157","L_FST_ROI","0.0107946636515684","0.821478693180801","5628","0.45390073016202","0.484492494560841","0.936858125270753","0.348871812304033","2","5628"
"158","No SNP","No SNP","No SNP","No SNP","No SNP","No SNP","No SNP","No SNP","No SNP","No SNP","No SNP"
"159","159","L_LO3_ROI","0.0215804447792758","0.613381142816318","5628","0.139460637678775","0.448002409600975","0.311294391927467","0.755588380333262","2","5628"
"160","160","L_VMV2_ROI","0.0845904577689065","0.0388119532262163","5628","0.0677107717828939","0.0591465087274055","1.14479744011535","0.252341844469806","2127","5628"
"161","161","L_31pd_ROI","-0.00603703036638103","0.902512143164856","5628","-1.39753912542513","0.389215597804212","-3.59065549610408","0.000332664650350611","6","5628"
"162","162","L_31a_ROI","0.0767205978960191","0.112813601090709","5628","-0.202454454828722","0.137667505312337","-1.47060451461947","0.141454105563322","364","5628"
"163","163","L_VVC_ROI","0.0516124880524524","0.219286313164726","5628","0.0331805794694011","0.0923386245858968","0.359335864251858","0.719357352580153","803","5628"
"164","164","L_25_ROI","-0.0215038272106473","0.554944389184868","5628","-0.27403394656124","0.119273987371257","-2.29751643758057","0.0216259112207163","319","5628"
"165","165","L_s32_ROI","-0.00376284890137824","0.92712598541841","5628","-0.0447053066360631","0.131350106968115","-0.340352266686128","0.733603986002615","328","5628"
"166","166","L_pOFC_ROI","0.0247832437314745","0.471534161029534","5628","-1.01070421475483","0.219350254784052","-4.60771844441147","4.16109743162365e-06","49","5628"
"167","167","L_PoI1_ROI","0.0295597260194995","0.532238421519942","5628","0.570951925799386","0.343180185926519","1.66370888883904","0.096226392143045","9","5628"
"168","168","L_Ig_ROI","-0.0384116495192784","0.380679436219713","5628","-0.620470955287017","0.196810364258557","-3.15263353952174","0.00162656624805385","73","5628"
"169","169","L_FOP5_ROI","0.0116161079613544","0.743618947731385","5628","0.270232395614386","0.128477655802786","2.10334158049393","0.0354802738807771","192","5628"
"170","170","L_p10p_ROI","0.014692087286461","0.613476225562474","5628","0.00793630846192217","0.0335585556212075","0.236491360102125","0.813060032516673","3945","5628"
"171","171","L_p47r_ROI","0.0309839510112376","0.390322264599043","5628","0.0477222518128392","0.046974645490492","1.01591510302081","0.309713564705918","2894","5628"
"172","172","L_TGv_ROI","-0.00743526947326605","0.858884302685799","5628","0.0596834637499645","0.0879698225543663","0.678453838111125","0.497511927449925","857","5628"
"173","173","L_MBelt_ROI","0.0315748320654573","0.450923715711372","5628","0.0195214559003131","0.0510423389964044","0.382456139043476","0.702137524009598","3378","5628"
"174","174","L_LBelt_ROI","0.0105820581085709","0.802021914468512","5628","0.0268230598169094","0.0507413512472804","0.52862328569437","0.597087685675507","3666","5628"
"175","175","L_A4_ROI","-0.0178593970596855","0.668903751875262","5628","0.00522920997439749","0.0515014997545896","0.101535100906095","0.919129318467916","3351","5628"
"176","176","L_STSva_ROI","-0.0118078927185328","0.787309150204905","5628","-0.0308664045650138","0.0574696094821461","-0.537090904969572","0.591226092872331","2858","5628"
"177","177","L_TE1m_ROI","0.022791302390795","0.606449135659971","5628","0.0467113083648174","0.0559864613738442","0.834332215656696","0.404129277270867","3171","5628"
"178","178","L_PI_ROI","0.0747416773156243","0.043310191251503","5628","0.142503547601195","0.0473024400406595","3.01260458189268","0.0026017029950309","3077","5628"
"179","179","L_a32pr_ROI","-0.0225310550214511","0.495758890211185","5628","-0.81078483074714","0.390529594974496","-2.07611623083287","0.0379285711156061","2","5628"
"180","180","L_p24_ROI","-0.0371721311266762","0.288231817359005","5628","-0.0557351686570788","0.0480112214402024","-1.1608779569688","0.245740858400256","2420","5628"
"181","181","R_V1_ROI","0.0467433351921976","0.234541135630381","5628","0.0323414435319309","0.0469742007150155","0.6884937484757","0.491170334312912","3588","5628"
"182","182","R_MST_ROI","0.0629664940102808","0.073133473461718","5628","0.399136863700554","0.146858752363341","2.71782823479975","0.00659135134233265","122","5628"
"183","183","R_V6_ROI","0.0187778430257075","0.623368475330789","5628","0.0210107043376941","0.0460808283445897","0.455953269341804","0.648441205943538","3621","5628"
"184","184","R_V2_ROI","0.053399418642837","0.24065403959439","5628","-1.79102540834322","0.986517344844807","-1.8155032120849","0.069499902728446","1","5628"
"185","No SNP","No SNP","No SNP","No SNP","No SNP","No SNP","No SNP","No SNP","No SNP","No SNP","No SNP"
"186","No SNP","No SNP","No SNP","No SNP","No SNP","No SNP","No SNP","No SNP","No SNP","No SNP","No SNP"
"187","No SNP","No SNP","No SNP","No SNP","No SNP","No SNP","No SNP","No SNP","No SNP","No SNP","No SNP"
"188","No SNP","No SNP","No SNP","No SNP","No SNP","No SNP","No SNP","No SNP","No SNP","No SNP","No SNP"
"189","189","R_3b_ROI","0.101183312514485","0.00817418018682007","5628","1.12436285342279","0.402348191798184","2.7945020664757","0.00521559616414378","4","5628"
"190","190","R_FEF_ROI","-0.0305961838104217","0.420513336820725","5628","0.415243599853585","0.62211563090722","0.667470128098281","0.504499299813749","1","5628"
"191","191","R_PEF_ROI","0.00170646682879033","0.960942504042655","5628","-1.87837111632881","0.682085676983646","-2.75386389087576","0.00590856862520796","1","5628"
"192","No SNP","No SNP","No SNP","No SNP","No SNP","No SNP","No SNP","No SNP","No SNP","No SNP","No SNP"
"193","193","R_V3A_ROI","0.0231276281913801","0.581008310955812","5628","0.00276967387891652","0.0708849660570592","0.0390727968563469","0.968833737700068","1517","5628"
"194","194","R_RSC_ROI","0.0296218563897391","0.431574891585784","5628","-0.0481626643986795","0.0828527538475948","-0.581304328004272","0.561058684806598","730","5628"
"195","195","R_POS2_ROI","0.019887931500163","0.53889953261519","5628","-0.410505393398783","0.196957022415058","-2.08423842097746","0.0371835538621491","18","5628"
"196","196","R_V7_ROI","0.0200896537867144","0.612290984709283","5628","0.0688020977980174","0.0509902164946598","1.34931958575275","0.177288711513699","3012","5628"
"197","197","R_IPS1_ROI","0.0941644623656253","0.0123101616643154","5628","0.0255104852429834","0.0823133245903894","0.309919267262373","0.756633845576783","804","5628"
"198","198","R_FFC_ROI","0.0437336714831892","0.300524135854904","5628","0.0577394191554079","0.0518221889091432","1.11418333287","0.265248207811789","3469","5628"
"199","199","R_V3B_ROI","0.0721589651188047","0.0995098252001262","5628","-0.133862632868116","0.105999089733806","-1.26286587181346","0.206689798764918","645","5628"
"200","No SNP","No SNP","No SNP","No SNP","No SNP","No SNP","No SNP","No SNP","No SNP","No SNP","No SNP"
"201","201","R_LO2_ROI","0.0509335567916927","0.248320929973089","5628","-0.0676674039711824","0.0736628211069574","-0.918609998291136","0.358339036835746","1490","5628"
"202","202","R_PIT_ROI","0.0370182691272095","0.423410658014674","5628","-0.203950558850224","0.584785899777757","-0.348761074656098","0.727281757944232","2","5628"
"203","203","R_MT_ROI","0.0303528537856891","0.343965372923532","5628","-0.877015617990149","0.438077369251137","-2.00196513115788","0.0453364714943389","1","5628"
"204","204","R_A1_ROI","0.0918567509398305","0.0284323182849288","5628","1.25951044302949","0.313032560592742","4.02357646324251","5.80738960403836e-05","35","5628"
"205","205","R_PSL_ROI","0.0232195042631636","0.63940585554792","5628","-0.572384844028124","0.53283638272193","-1.07422252419057","0.282769094528329","2","5628"
"206","206","R_SFL_ROI","0.0211127039283726","0.552195728355044","5628","-0.465768383727346","0.241945105829655","-1.92509942340093","0.0542673499045586","10","5628"
"207","No SNP","No SNP","No SNP","No SNP","No SNP","No SNP","No SNP","No SNP","No SNP","No SNP","No SNP"
"208","No SNP","No SNP","No SNP","No SNP","No SNP","No SNP","No SNP","No SNP","No SNP","No SNP","No SNP"
"209","No SNP","No SNP","No SNP","No SNP","No SNP","No SNP","No SNP","No SNP","No SNP","No SNP","No SNP"
"210","210","R_7m_ROI","0.0618632725611972","0.214202594718399","5628","0.461422307792545","0.578162872497508","0.798083601943038","0.424855709587333","2","5628"
"211","211","R_POS1_ROI","0.0245950832828035","0.467237263984693","5628","0.0434061473826167","0.0415921834635582","1.04361309669274","0.296709334770405","3305","5628"
"212","No SNP","No SNP","No SNP","No SNP","No SNP","No SNP","No SNP","No SNP","No SNP","No SNP","No SNP"
"213","No SNP","No SNP","No SNP","No SNP","No SNP","No SNP","No SNP","No SNP","No SNP","No SNP","No SNP"
"214","No SNP","No SNP","No SNP","No SNP","No SNP","No SNP","No SNP","No SNP","No SNP","No SNP","No SNP"
"215","215","R_31pv_ROI","0.129300511033916","0.00606321347473815","5628","-0.556913920204285","0.18590052817811","-2.99576297960117","0.00274954205434685","133","5628"
"216","216","R_5m_ROI","0.0999831387372907","0.00826279150803158","5628","0.282593549442352","0.153870194007662","1.83657108684922","0.0663260420963618","133","5628"
"217","217","R_5mv_ROI","0.0948453697596301","0.0202813024408151","5628","1.00187509734883","0.322423779979581","3.10732383762847","0.00189731796952807","6","5628"
"218","No SNP","No SNP","No SNP","No SNP","No SNP","No SNP","No SNP","No SNP","No SNP","No SNP","No SNP"
"219","No SNP","No SNP","No SNP","No SNP","No SNP","No SNP","No SNP","No SNP","No SNP","No SNP","No SNP"
"220","No SNP","No SNP","No SNP","No SNP","No SNP","No SNP","No SNP","No SNP","No SNP","No SNP","No SNP"
"221","No SNP","No SNP","No SNP","No SNP","No SNP","No SNP","No SNP","No SNP","No SNP","No SNP","No SNP"
"222","No SNP","No SNP","No SNP","No SNP","No SNP","No SNP","No SNP","No SNP","No SNP","No SNP","No SNP"
"223","No SNP","No SNP","No SNP","No SNP","No SNP","No SNP","No SNP","No SNP","No SNP","No SNP","No SNP"
"224","224","R_6ma_ROI","0.0138301940443922","0.719236947833477","5628","0.0416277614179302","0.0592290796795004","0.702826409648534","0.482193057891721","1877","5628"
"225","225","R_7Am_ROI","0.0701681619090822","0.147495604457364","5628","0.86539456456421","0.823687149934357","1.05063501917345","0.293471441460949","1","5628"
"226","226","R_7PL_ROI","0.0583182333594542","0.173098452291818","5628","-0.00600557258879752","0.0967023315892312","-0.0621036999842752","0.950482459754256","678","5628"
"227","No SNP","No SNP","No SNP","No SNP","No SNP","No SNP","No SNP","No SNP","No SNP","No SNP","No SNP"
"228","No SNP","No SNP","No SNP","No SNP","No SNP","No SNP","No SNP","No SNP","No SNP","No SNP","No SNP"
"229","229","R_VIP_ROI","0.0920154715038506","0.0436770883814477","5628","1.30367121352308","0.499921779308888","2.60775038712121","0.00913805112950082","3","5628"
"230","230","R_MIP_ROI","0.1051831442682","0.0124731350149946","5628","0.0531369283303948","0.0929983531383781","0.571374938772615","0.567768370004038","767","5628"
"231","231","R_1_ROI","-0.0130577836749134","0.77487794771932","5628","-1.37674516103591","0.507039204094342","-2.71526373092789","0.00664254625193663","3","5628"
"232","232","R_2_ROI","0.0239270168723884","0.551030086376866","5628","-0.571317388793927","0.238291318731907","-2.39755855074475","0.0165371905678928","36","5628"
"233","No SNP","No SNP","No SNP","No SNP","No SNP","No SNP","No SNP","No SNP","No SNP","No SNP","No SNP"
"234","No SNP","No SNP","No SNP","No SNP","No SNP","No SNP","No SNP","No SNP","No SNP","No SNP","No SNP"
"235","235","R_6mp_ROI","0.0377486489541852","0.308060233224663","5628","-1.33893996275271","0.504519655721346","-2.65389058199989","0.00797937407069445","2","5628"
"236","No SNP","No SNP","No SNP","No SNP","No SNP","No SNP","No SNP","No SNP","No SNP","No SNP","No SNP"
"237","237","R_p24pr_ROI","0.00847394999476826","0.83802475621898","5628","0.220197162653014","0.561105103373056","0.392434788650665","0.69475187317316","1","5628"
"238","238","R_33pr_ROI","0.0117120971953043","0.685017067205848","5628","0.369607970268555","0.205273231148892","1.8005658516695","0.0718249509558973","11","5628"
"239","239","R_a24pr_ROI","0.0597605671309136","0.158213903426805","5628","0.535546907836662","0.231521640970111","2.31316133382883","0.0207497082608211","36","5628"
"240","240","R_p32pr_ROI","0.0873055928367024","0.0256976048990913","5628","0.777374529246686","0.191632113010116","4.05659843246444","5.04673160577733e-05","52","5628"
"241","241","R_a24_ROI","0.0140011268865968","0.695002752924771","5628","0.0244018044103639","0.0448187197195732","0.54445563289277","0.586149580062117","3156","5628"
"242","242","R_d32_ROI","-0.000609248884447125","0.986189010680541","5628","-0.029710961894951","0.0447083365286672","-0.664550824338994","0.506365106317095","3078","5628"
"243","243","R_8BM_ROI","0.027934623561742","0.427666915383687","5628","0.0604918125351226","0.0499746960613664","1.21044883316232","0.226157636084967","2324","5628"
"244","244","R_p32_ROI","-0.00883771676399977","0.795244708021364","5628","-0.0446730518823049","0.0427083702570475","-1.04600226169794","0.295604989728299","3178","5628"
"245","245","R_10r_ROI","0.0325450594379132","0.389229439495026","5628","-0.0366812693471743","0.0579658002194212","-0.632808814996475","0.526884255005244","1876","5628"
"246","No SNP","No SNP","No SNP","No SNP","No SNP","No SNP","No SNP","No SNP","No SNP","No SNP","No SNP"
"247","247","R_8Av_ROI","0.0520632564968007","0.176175882826391","5628","-1.01652033067223","0.328702390089521","-3.09252491408836","0.00199434956960696","7","5628"
"248","No SNP","No SNP","No SNP","No SNP","No SNP","No SNP","No SNP","No SNP","No SNP","No SNP","No SNP"
"249","249","R_9m_ROI","0.0203434366651604","0.526834492981784","5628","0.0219702528022858","0.0384102347505969","0.571989547706276","0.567351941122053","3760","5628"
"250","250","R_8BL_ROI","0.0228436975411592","0.53494789095572","5628","0.0280336578473788","0.0537090288123675","0.521954287151876","0.601722736606733","2191","5628"
"251","251","R_9p_ROI","-0.0456999140066722","0.149868844696216","5628","-0.0500105440553694","0.0376453191136821","-1.32846646629151","0.1840780142778","3797","5628"
"252","252","R_10d_ROI","0.00124816543135144","0.962937963422491","5628","-0.0114510881921311","0.0313239050713704","-0.36557026226584","0.71469953163611","3948","5628"
"253","253","R_8C_ROI","0.0157852559515859","0.664826515986709","5628","-0.515825094554623","0.215969100651585","-2.38842081111772","0.0169537786551258","27","5628"
"254","254","R_44_ROI","0.0447931908179965","0.23008757993428","5628","0.105254014118689","0.087871741455084","1.19781413655595","0.231039914815472","633","5628"
"255","255","R_45_ROI","0.0263918601111573","0.49738108796372","5628","-0.0189005164055433","0.0686889565225444","-0.275160919053122","0.783202729336806","1340","5628"
"256","256","R_47l_ROI","0.0437154764021276","0.333588252325105","5628","-0.619556201660994","0.32814288220106","-1.88806838504386","0.059068254123224","9","5628"
"257","257","R_a47r_ROI","0.0262607507516978","0.444410162949999","5628","0.0365113022012984","0.0542900628626486","0.672522746817781","0.501278622664645","1626","5628"
"258","258","R_6r_ROI","-0.0148647828306366","0.752264790490816","5628","-0.0983870632296496","0.140336395556734","-0.701080164125169","0.483282025277306","324","5628"
"259","No SNP","No SNP","No SNP","No SNP","No SNP","No SNP","No SNP","No SNP","No SNP","No SNP","No SNP"
"260","No SNP","No SNP","No SNP","No SNP","No SNP","No SNP","No SNP","No SNP","No SNP","No SNP","No SNP"
"261","261","R_IFSp_ROI","0.0611262925212969","0.0806244499798358","5628","0.790713193307723","0.192873439426867","4.09964791242052","4.1961658182e-05","37","5628"
"262","262","R_IFSa_ROI","0.0162672254726727","0.641369711536801","5628","0.203721474850239","0.522291073499191","0.390053526064245","0.696511754215335","1","5628"
"263","263","R_p9-46v_ROI","-0.0034049981825905","0.926508280726099","5628","-0.496390966072273","0.27747508025652","-1.78895692403573","0.0736756099155753","10","5628"
"264","264","R_46_ROI","0.0159299740090108","0.663023809070975","5628","-0.0612073907684195","0.0757186976265185","-0.808352397585128","0.418921974577284","912","5628"
"265","265","R_a9-46v_ROI","0.0478264590564159","0.180505004111084","5628","0.0699761623540925","0.0435979466767003","1.60503344051956","0.10854265200397","3495","5628"
"266","266","R_9-46d_ROI","-0.0466896555503582","0.173752036625954","5628","-0.0901655768765237","0.0434012627640196","-2.07748740783811","0.0378019144544318","3241","5628"
"267","267","R_9a_ROI","0.00133707181855449","0.962843781729073","5628","0.00112874913719635","0.0332818417786949","0.0339148639880535","0.972946245095339","3952","5628"
"268","268","R_10v_ROI","-0.0236275108008404","0.54421309033079","5628","-0.0221897901717522","0.0475576588515481","-0.46658710095503","0.640813409475608","3447","5628"
"269","269","R_a10p_ROI","0.00985809223100855","0.746639397441547","5628","-0.0126433313674958","0.0368388117452378","-0.343206818258199","0.731455717448567","3719","5628"
"270","270","R_10pp_ROI","-0.06026156122607","0.0374537332229815","5628","-0.0423679825318167","0.0353537705766979","-1.19840067525193","0.230811620407577","3547","5628"
"271","271","R_11l_ROI","0.0239929706020551","0.483678592714788","5628","-0.680456823988305","0.256828146558288","-2.64946359309522","0.00808453808361572","8","5628"
"272","272","R_13l_ROI","0.0545525909352906","0.121452678463703","5628","-1.10300797956835","0.661860449056615","-1.66652650289124","0.095664338518428","1","5628"
"273","273","R_OFC_ROI","-0.0467075051011888","0.206337153346768","5628","-0.00368083648758192","0.115035747538677","-0.0319973274946066","0.974475318802023","297","5628"
"274","274","R_47s_ROI","-0.0305378841664768","0.498981392557273","5628","-0.154700770943288","0.136718654762426","-1.13152642711493","0.257881883761027","328","5628"
"275","275","R_LIPd_ROI","0.0641468721497094","0.153234350490016","5628","-0.279776588455011","0.178617810593864","-1.56634205471905","0.117324881285493","144","5628"
"276","No SNP","No SNP","No SNP","No SNP","No SNP","No SNP","No SNP","No SNP","No SNP","No SNP","No SNP"
"277","No SNP","No SNP","No SNP","No SNP","No SNP","No SNP","No SNP","No SNP","No SNP","No SNP","No SNP"
"278","No SNP","No SNP","No SNP","No SNP","No SNP","No SNP","No SNP","No SNP","No SNP","No SNP","No SNP"
"279","No SNP","No SNP","No SNP","No SNP","No SNP","No SNP","No SNP","No SNP","No SNP","No SNP","No SNP"
"280","280","R_OP4_ROI","-0.0415370540534213","0.401359368966899","5628","-0.8755686732832","0.774949717689654","-1.1298393344713","0.258592166590144","1","5628"
"281","No SNP","No SNP","No SNP","No SNP","No SNP","No SNP","No SNP","No SNP","No SNP","No SNP","No SNP"
"282","282","R_OP2-3_ROI","0.0581307718607136","0.16797807545203","5628","-0.946845814902901","0.573011801845994","-1.65240194329781","0.0985085202009018","1","5628"
"283","283","R_52_ROI","0.016598194514375","0.655356503907596","5628","0.0429633646379266","0.0496310165118091","0.865655544808437","0.38671605000975","2572","5628"
"284","No SNP","No SNP","No SNP","No SNP","No SNP","No SNP","No SNP","No SNP","No SNP","No SNP","No SNP"
"285","No SNP","No SNP","No SNP","No SNP","No SNP","No SNP","No SNP","No SNP","No SNP","No SNP","No SNP"
"286","286","R_PoI2_ROI","0.0456262301385109","0.335296676797358","5628","-2.49785481267353","0.973291981261642","-2.56639822454476","0.010301761463326","1","5628"
"287","287","R_TA2_ROI","0.0332333856289715","0.386495941125331","5628","0.0666170174390396","0.050321787484883","1.3238205709416","0.185616504763609","2880","5628"
"288","No SNP","No SNP","No SNP","No SNP","No SNP","No SNP","No SNP","No SNP","No SNP","No SNP","No SNP"
"289","No SNP","No SNP","No SNP","No SNP","No SNP","No SNP","No SNP","No SNP","No SNP","No SNP","No SNP"
"290","290","R_Pir_ROI","0.00683635259166602","0.857862591844716","5628","0.0313473065394993","0.0490908789284141","0.638556636665866","0.523137428150793","3008","5628"
"291","No SNP","No SNP","No SNP","No SNP","No SNP","No SNP","No SNP","No SNP","No SNP","No SNP","No SNP"
"292","No SNP","No SNP","No SNP","No SNP","No SNP","No SNP","No SNP","No SNP","No SNP","No SNP","No SNP"
"293","No SNP","No SNP","No SNP","No SNP","No SNP","No SNP","No SNP","No SNP","No SNP","No SNP","No SNP"
"294","No SNP","No SNP","No SNP","No SNP","No SNP","No SNP","No SNP","No SNP","No SNP","No SNP","No SNP"
"295","No SNP","No SNP","No SNP","No SNP","No SNP","No SNP","No SNP","No SNP","No SNP","No SNP","No SNP"
"296","296","R_PFt_ROI","0.0314808858719293","0.488006938806035","5628","-0.735960373476191","0.22320382304788","-3.29725702466269","0.00098240808511071","123","5628"
"297","297","R_AIP_ROI","0.0164604481550392","0.727030485235569","5628","0.0697582779660186","0.0646223036133086","1.07947680700835","0.280421568815222","2546","5628"
"298","298","R_EC_ROI","-0.0685928359350721","0.171877638679675","5628","0.618038743035696","0.742891467351215","0.831936790496891","0.40547998395491","1","5628"
"299","299","R_PreS_ROI","-0.0673827367569999","0.0981188003179052","5628","-0.0399915648529997","0.055794645511152","-0.716763490235033","0.473549838643789","2474","5628"
"300","300","R_H_ROI","-0.0140608519050431","0.76436607315445","5628","2.18618505932625","0.582110701666858","3.75561736464588","0.000174663680910033","5","5628"
"301","301","R_ProS_ROI","-0.0529257606937765","0.0838307487413556","5628","-0.0529842230781861","0.0358315296802313","-1.47870391108137","0.139275529977566","4037","5628"
"302","No SNP","No SNP","No SNP","No SNP","No SNP","No SNP","No SNP","No SNP","No SNP","No SNP","No SNP"
"303","303","R_STGa_ROI","0.00426918872161264","0.919302897970615","5628","-0.0137579487178719","0.05375691753095","-0.255928899010083","0.798015109342602","3174","5628"
"304","304","R_PBelt_ROI","0.0517956949286765","0.205598367903122","5628","0.0570160923179821","0.0707199636716611","0.806223439009339","0.420148151356466","1342","5628"
"305","305","R_A5_ROI","0.0378471438484875","0.24737598573363","5628","0.0508038781354428","0.0392881015840801","1.29311104601779","0.196025826003486","3666","5628"
"306","306","R_PHA1_ROI","-0.00790278953153782","0.863217216737343","5628","0.0525394001937397","0.0564555394481397","0.930633215222442","0.35208331410393","3399","5628"
"307","307","R_PHA3_ROI","0.00735795824549527","0.838109374153875","5628","0.0185232602753939","0.0426055168696436","0.434762012911801","0.663751879382291","3773","5628"
"308","308","R_STSda_ROI","0.0330261218734579","0.366283833108398","5628","0.0466979775537351","0.0441171078548501","1.05850042816443","0.289872864444273","3727","5628"
"309","309","R_STSdp_ROI","0.0857950927946553","0.023731119287874","5628","0.0968523026199859","0.0446090457651467","2.1711359424697","0.0299626223604885","3901","5628"
"310","310","R_STSvp_ROI","0.147511917539194","0.00253416385165191","5628","0.159625401706313","0.0583236133980112","2.73689149910859","0.00622178420898958","3770","5628"
"311","311","R_TGd_ROI","0.00750960870317591","0.855641443537295","5628","0.0114619738472861","0.0513715714892018","0.223119003663249","0.82345100009034","3407","5628"
"312","312","R_TE1a_ROI","0.00366721325151534","0.937329247216657","5628","0.0464863793200501","0.0582930463834438","0.797460112382342","0.4252175624163","3333","5628"
"313","313","R_TE1p_ROI","0.111652158507387","0.00795805455702084","5628","0.65829337427609","0.188724749351718","3.48811364983857","0.000490168691010776","98","5628"
"314","314","R_TE2a_ROI","0.0434012849071777","0.280065126251252","5628","0.0247888938435606","0.0472689659747916","0.524422172822236","0.600005628135877","3827","5628"
"315","No SNP","No SNP","No SNP","No SNP","No SNP","No SNP","No SNP","No SNP","No SNP","No SNP","No SNP"
"316","316","R_TE2p_ROI","-0.0138250072660761","0.72759783309987","5628","0.00373639869789417","0.109892994105161","0.0340003357658876","0.97287809083141","392","5628"
"317","317","R_PHT_ROI","0.0165119727943933","0.70983668097268","5628","0.101264782883628","0.617746800295815","0.163926033829938","0.869795269103389","1","5628"
"318","318","R_PH_ROI","0.061797003953666","0.164610559989847","5628","0.0684749443531254","0.0669688417025335","1.02248960281084","0.306593257166674","1986","5628"
"319","319","R_TPOJ1_ROI","0.0731082249606693","0.061570742393242","5628","0.0532842700463604","0.0656417982173772","0.81174299750147","0.416973507436849","1445","5628"
"320","No SNP","No SNP","No SNP","No SNP","No SNP","No SNP","No SNP","No SNP","No SNP","No SNP","No SNP"
"321","321","R_TPOJ3_ROI","0.0485453451178012","0.15586409882983","5628","-0.573629677779234","0.212183049470276","-2.70346608370143","0.00688269777141652","18","5628"
"322","322","R_DVT_ROI","0.0331705081575346","0.352520037420465","5628","0.0114509749843573","0.0435450807345469","0.262968280026004","0.792584670822349","3509","5628"
"323","323","R_PGp_ROI","0.0700935263251565","0.0923417289774572","5628","0.0814613370133949","0.106301027459208","0.76632690163465","0.4435140128386","505","5628"
"324","324","R_IP2_ROI","0.0270099375892976","0.537650445631882","5628","0.0432354761652845","0.0532838632719903","0.811417819773815","0.417160144396972","3511","5628"
"325","No SNP","No SNP","No SNP","No SNP","No SNP","No SNP","No SNP","No SNP","No SNP","No SNP","No SNP"
"326","326","R_IP0_ROI","0.039509623735443","0.365949088054241","5628","0.0155443357526126","0.0842137151553093","0.184581997409154","0.853563569669961","1017","5628"
"327","No SNP","No SNP","No SNP","No SNP","No SNP","No SNP","No SNP","No SNP","No SNP","No SNP","No SNP"
"328","328","R_PF_ROI","0.0308515809932337","0.53238015178639","5628","0.0425622863081883","0.0629416502115662","0.676218150701854","0.49892998681505","3129","5628"
"329","329","R_PFm_ROI","0.0616407219966026","0.0889823388701649","5628","0.110408869338618","0.226492087317092","0.487473406450815","0.625941904967666","12","5628"
"330","330","R_PGi_ROI","0.0821016041905605","0.0702414191362113","5628","1.41165859904375","0.386460596022063","3.65278792605071","0.000261771651147977","10","5628"
"331","331","R_PGs_ROI","0.0548936506324772","0.214723901594454","5628","1.019492493944","0.337084027069097","3.02444616794323","0.00250214735901742","9","5628"
"332","332","R_V6A_ROI","0.0356938307774607","0.283474778742087","5628","0.0471378321888425","0.0406547117277432","1.15946787433928","0.246314800197301","3483","5628"
"333","333","R_VMV1_ROI","-0.029846968667579","0.584045827875143","5628","-0.0315867540084405","0.066130075334608","-0.477645819222439","0.632920895708344","3548","5628"
"334","334","R_VMV3_ROI","-0.0117521634990183","0.79690218826815","5628","-0.11190233841005","0.0746743169580965","-1.49853849313204","0.13404958414579","1608","5628"
"335","335","R_PHA2_ROI","-0.0593053094574706","0.131609508646486","5628","-0.0575549385451806","0.0465929289878945","-1.23527195639781","0.216780961950078","3822","5628"
"336","No SNP","No SNP","No SNP","No SNP","No SNP","No SNP","No SNP","No SNP","No SNP","No SNP","No SNP"
"337","No SNP","No SNP","No SNP","No SNP","No SNP","No SNP","No SNP","No SNP","No SNP","No SNP","No SNP"
"338","338","R_V3CD_ROI","0.072603637543939","0.135975672285315","5628","0.0797534065025714","0.739479730368897","0.107850699927617","0.914117975984743","1","5628"
"339","339","R_LO3_ROI","-0.0259812222975728","0.55110265632735","5628","-0.13289132862782","0.148457189442593","-0.895149161362833","0.37074570668433","213","5628"
"340","340","R_VMV2_ROI","0.0174514261089056","0.67850890522001","5628","-0.00153299328714138","0.0503395126767548","-0.0304530815978532","0.975706793205213","3703","5628"
"341","341","R_31pd_ROI","0.0582621454610755","0.198739066789463","5628","0.239753623886378","0.689070625667899","0.347937664087757","0.727900034142823","1","5628"
"342","342","R_31a_ROI","0.0928696749802721","0.045710185455065","5628","-0.528023483015828","0.203294965570943","-2.5973269014946","0.00941975057597404","77","5628"
"343","343","R_VVC_ROI","0.0231031158744064","0.587540589176442","5628","0.0269586808573851","0.0509691481119744","0.528921550702779","0.596880767177554","3637","5628"
"344","344","R_25_ROI","-0.0257138851455237","0.475502152562144","5628","-0.000367026236192025","0.0723912282877863","-0.00507003741852449","0.995954892765588","957","5628"
"345","345","R_s32_ROI","0.0193724755647668","0.62132620364192","5628","-0.431116840192358","0.197469281986533","-2.18320964078737","0.0290616195115038","71","5628"
"346","No SNP","No SNP","No SNP","No SNP","No SNP","No SNP","No SNP","No SNP","No SNP","No SNP","No SNP"
"347","347","R_PoI1_ROI","0.0192365549946614","0.646635632629871","5628","0.0413150115411645","0.0543774209978115","0.759782475576164","0.447416500240008","2974","5628"
"348","348","R_Ig_ROI","0.0496758463394691","0.252585279710678","5628","-0.103236283234605","0.645682214330551","-0.159887140985665","0.872975726168295","1","5628"
"349","No SNP","No SNP","No SNP","No SNP","No SNP","No SNP","No SNP","No SNP","No SNP","No SNP","No SNP"
"350","350","R_p10p_ROI","-0.0345807324722913","0.306434764594709","5628","-0.0722031812362089","0.0399691550582839","-1.80647254441383","0.0708980476585515","3810","5628"
"351","351","R_p47r_ROI","0.0207135016612441","0.571250900812949","5628","-0.148446273086165","0.0938073210177998","-1.58245935898753","0.11360103297116","572","5628"
"352","352","R_TGv_ROI","-0.0608189292573405","0.140867317019027","5628","-0.0713018653908116","0.05588484291708","-1.27587126793229","0.202053776816855","2761","5628"
"353","353","R_MBelt_ROI","0.0716738324113927","0.0566025996336746","5628","0.104753768775931","0.0464100745984162","2.25713424687118","0.0240379358998761","3437","5628"
"354","354","R_LBelt_ROI","0.0775570498458114","0.0593415474591876","5628","0.151059906802738","0.0679858619745441","2.22193118415265","0.0263276420365529","1560","5628"
"355","355","R_A4_ROI","0.0234695334137317","0.532252282116737","5628","0.0708749745012484","0.0472541699185666","1.49986709370597","0.133705024937128","3220","5628"
"356","356","R_STSva_ROI","0.0524749387003771","0.231506974479693","5628","0.0690540577093054","0.0531481198830849","1.29927564439176","0.193902665673166","3652","5628"
"357","357","R_TE1m_ROI","0.0598720638176007","0.175435913026124","5628","0.062694196585422","0.0542495429184064","1.15566313028142","0.247868120507906","3400","5628"
"358","358","R_PI_ROI","0.0234773713645417","0.493072701738113","5628","0.0209231375613604","0.041724577372854","0.501458346105933","0.616068234636449","3642","5628"
"359","No SNP","No SNP","No SNP","No SNP","No SNP","No SNP","No SNP","No SNP","No SNP","No SNP","No SNP"
"360","360","R_p24_ROI","-0.0357024560334101","0.326736738510417","5628","-0.0998571118894719","0.0700426082214165","-1.42566238501295","0.15402137697366","1063","5628"
"361","361","accumbens_left","0.0431100897211993","0.203381519246162","5628","0.0942601428795827","0.0438826913563011","2.14800277663571","0.0317561701059584","2858","5628"
"362","362","accumbens_right","0.0139380207105012","0.694348247152899","5628","-0.0292153113477436","0.0550217474135617","-0.530977526543308","0.595455342375322","1792","5628"
"363","363","amygdala_left","-0.000438069344865609","0.987336477381202","5628","-0.411054741028381","0.126778777343754","-3.24229929993589","0.0011926174176324","101","5628"
"364","No SNP","No SNP","No SNP","No SNP","No SNP","No SNP","No SNP","No SNP","No SNP","No SNP","No SNP"
"365","No SNP","No SNP","No SNP","No SNP","No SNP","No SNP","No SNP","No SNP","No SNP","No SNP","No SNP"
"366","366","caudate_right","0.0114815647682512","0.726433375727817","5628","0.0324467251320295","0.038863657282696","0.834886045232712","0.403817373548663","3809","5628"
"367","367","cerebellum_left","0.0474517407589437","0.221510662472753","5628","0.0716288745400747","0.0470296423559972","1.52305803216342","0.127800470963766","3523","5628"
"368","No SNP","No SNP","No SNP","No SNP","No SNP","No SNP","No SNP","No SNP","No SNP","No SNP","No SNP"
"369","369","diencephalon_left","0.0625079293943555","0.0833922971371606","5628","0.118135015160426","0.0450496796052167","2.62232753253025","0.00875671446397627","3241","5628"
"370","370","diencephalon_right","0.0198880620571775","0.54002999944529","5628","0.0153870240665776","0.0393976833118048","0.390556570161757","0.696139841037764","3398","5628"
"371","371","hippocampus_left","0.0276904553198457","0.430865023616274","5628","0.0429175026912066","0.0433679299943665","0.989613815941448","0.32240553352329","3301","5628"
"372","No SNP","No SNP","No SNP","No SNP","No SNP","No SNP","No SNP","No SNP","No SNP","No SNP","No SNP"
"373","373","pallidum_left","0.00647099535393825","0.855053615254797","5628","0.930175291002677","0.252681586141684","3.68121518154911","0.000234302237274856","17","5628"
"374","No SNP","No SNP","No SNP","No SNP","No SNP","No SNP","No SNP","No SNP","No SNP","No SNP","No SNP"
"375","375","putamen_left","-0.0129243719652719","0.647230006843344","5628","-0.00249541236641029","0.0332081433054466","-0.0751445915978388","0.940102344633985","3801","5628"
"376","376","putamen_right","-0.00366004625673542","0.909652672850419","5628","-0.00876322971711055","0.0390818107420876","-0.224227832608415","0.82258818138708","3389","5628"
"377","377","thalamus_left","-0.0203246319967061","0.558045586648124","5628","-0.0151512012221428","0.0409271102487412","-0.370199633691677","0.711247704913648","3852","5628"
"378","378","thalamus_right","-0.00794732029931118","0.824571949941712","5628","0.690532185622504","0.327693969577109","2.10724715658833","0.0351403661705773","6","5628"
"379","379","brainstem","0.0413911692702669","0.147135403524086","5628","0.0465959365753914","0.0390449585470316","1.19339188231598","0.23276632549821","2471","5628"
