"","exposure","roi","ROI","OLS_Coefficient","OLS_P_Value","OLS_N","IV_Coefficient","IV_StdError","IV_P_Value","Num_snps","IV_N","roi_num"
"1","adhd","roi1","L_V1_ROI",0.00751269555453413,0.0663274181199763,6380,0.00719610754277369,0.0084802890666341,0.396153236983464,900,6380,1
"2","adhd","roi2","L_MST_ROI",0.00674600847036634,0.0974858404253898,6380,0.00871153587880257,0.00843791384088391,0.301911002108395,900,6380,2
"3","adhd","roi3","L_V6_ROI",0.00313824272732587,0.45772485220892,6380,0.00428459721945346,0.00876029655885848,0.624792898746031,900,6380,3
"4","adhd","roi4","L_V2_ROI",0.0129886582083544,0.000531839734058449,6380,0.0214437540854419,0.00777186427618567,0.00581171034780098,900,6380,4
"5","adhd","roi5","L_V3_ROI",0.0122605652728773,0.000829354768791112,6380,0.0325559809075204,0.0076180552273093,1.95207387536186e-05,900,6380,5
"6","adhd","roi6","L_V4_ROI",0.0128294137489544,0.00105359275912336,6380,0.0294611858747589,0.00812667271623733,0.000290940363416425,900,6380,6
"7","adhd","roi7","L_V8_ROI",0.00547029882216454,0.123469917591786,6380,0.0168128282740436,0.00736692047351182,0.0225100180764564,900,6380,7
"8","adhd","roi8","L_4_ROI",0.00556782116856922,0.222429889723451,6380,-0.00203274943758443,0.00946139039871221,0.829893642315588,900,6380,8
"9","adhd","roi9","L_3b_ROI",0.00462897855704741,0.273866844263554,6380,0.00541843442869335,0.00876924156014577,0.536669356917113,900,6380,9
"10","adhd","roi10","L_FEF_ROI",0.00818077100279775,0.0967593605008351,6380,0.0152765262472234,0.0102117760615104,0.134710614832588,900,6380,10
"11","adhd","roi11","L_PEF_ROI",0.00931160526133961,0.0651740680393324,6380,-0.00721365375857192,0.0104748814106243,0.491061015824727,900,6380,11
"12","adhd","roi12","L_55b_ROI",0.0016933797474186,0.717335266180852,6380,0.00159536926207068,0.00969638478884163,0.869317279312161,900,6380,12
"13","adhd","roi13","L_V3A_ROI",0.00832637413822435,0.0356590806024239,6380,0.0159015226308408,0.00821703257693733,0.0530111433696336,900,6380,13
"14","adhd","roi14","L_RSC_ROI",0.00979977437434893,0.0306559866602959,6380,0.00383713689381424,0.00939791261428835,0.683069570786187,900,6380,14
"15","adhd","roi15","L_POS2_ROI",0.0130530071560913,0.00539209104370938,6380,0.01807404645931,0.00972200834943567,0.0630610754319651,900,6380,15
"16","adhd","roi16","L_V7_ROI",0.00179222766720154,0.64135168394979,6380,6.08714693972731e-05,0.00797592365585686,0.993910921156809,900,6380,16
"17","adhd","roi17","L_IPS1_ROI",0.00752636315901463,0.0627047064187185,6380,0.00128701635505508,0.00838279529611945,0.877984652476409,900,6380,17
"18","adhd","roi18","L_FFC_ROI",0.00486236700958432,0.221825893774672,6380,-0.00306130957794485,0.00825259453523451,0.710686239032573,900,6380,18
"19","adhd","roi19","L_V3B_ROI",0.00807865339822309,0.0303258652374369,6380,0.00489111346975415,0.0077313824349424,0.526997238626388,900,6380,19
"20","adhd","roi20","L_LO1_ROI",0.0039709555551424,0.303256739959747,6380,0.013943903286874,0.00799985897024519,0.081378609983922,900,6380,20
"21","adhd","roi21","L_LO2_ROI",0.00381686492449996,0.336935621404557,6380,0.0089820136392191,0.00824068070804036,0.275771924936442,900,6380,21
"22","adhd","roi22","L_PIT_ROI",0.00639289346838463,0.085396642640558,6380,0.015911541159248,0.00770700448923175,0.0390054305592443,900,6380,22
"23","adhd","roi23","L_MT_ROI",0.0054343491222197,0.222560540498223,6380,0.00645925081493357,0.00923521820556293,0.484318208708833,900,6380,23
"24","adhd","roi24","L_A1_ROI",-0.00355149755402525,0.339382220413811,6380,0.00490806593866739,0.0077087948386685,0.524353608879497,900,6380,24
"25","adhd","roi25","L_PSL_ROI",0.00194148812825464,0.593504248987129,6380,-0.0103397974154541,0.00754677547779639,0.170705614027954,900,6380,25
"26","adhd","roi26","L_SFL_ROI",0.0124661210159539,0.00728192441148805,6380,0.0037549275887264,0.00962925720526128,0.696586654238039,900,6380,26
"27","adhd","roi27","L_PCV_ROI",0.00552506759506628,0.168651743460065,6380,0.0251717858055287,0.00833531942757512,0.00253865077997013,900,6380,27
"28","adhd","roi28","L_STV_ROI",0.000629826041867084,0.849207144298909,6380,-0.0103513342841517,0.00687284421397931,0.132085725822732,900,6380,28
"29","adhd","roi29","L_7Pm_ROI",0.00205094632367889,0.566508230971186,6380,0.012832869179757,0.00742239163277005,0.0838683001703195,900,6380,29
"30","adhd","roi30","L_7m_ROI",0.000826502017889487,0.80715400732264,6380,0.00281497658735314,0.00701910149215734,0.68840033667331,900,6380,30
"31","adhd","roi31","L_POS1_ROI",0.00572305833510512,0.219846715614551,6380,0.00581245019223971,0.00966882863874576,0.547759141966305,900,6380,31
"32","adhd","roi32","L_23d_ROI",0.00562141157953061,0.19966096209437,6380,-0.000808605938409581,0.00908699718683955,0.929096672767111,900,6380,32
"33","adhd","roi33","L_v23ab_ROI",-0.00227895154330494,0.495899503731281,6380,-0.0102878503317141,0.00694059412614125,0.138317325789872,900,6380,33
"34","adhd","roi34","L_d23ab_ROI",0.00560399059576742,0.107952533765281,6380,0.000940930064172658,0.00722713502421394,0.896417003520248,900,6380,34
"35","adhd","roi35","L_31pv_ROI",0.00481900234909399,0.193014793065346,6380,-0.00887104723378103,0.00768196337434225,0.248220137529407,900,6380,35
"36","adhd","roi36","L_5m_ROI",0.0065321414787033,0.112678518024956,6380,0.0239454288125283,0.00854748159195709,0.00510254189462647,900,6380,36
"37","adhd","roi37","L_5mv_ROI",0.00740570490221886,0.0949583161349816,6380,0.0144953742726768,0.0091946223681106,0.114958971048598,900,6380,37
"38","adhd","roi38","L_23c_ROI",0.0144400347510071,0.00211484438016888,6380,0.0264895718529564,0.00974037476607633,0.00655452950914233,900,6380,38
"39","adhd","roi39","L_5L_ROI",0.000515333002494322,0.898761038273952,6380,-0.000306349210349234,0.00839661581385582,0.970896907364611,900,6380,39
"40","adhd","roi40","L_24dd_ROI",0.0115351552976706,0.0094170386933665,6380,0.0118471472414963,0.00920679219604046,0.198216558661529,900,6380,40
"41","adhd","roi41","L_24dv_ROI",0.0115827651046997,0.00973599976452476,6380,0.0167514862742735,0.00928677766953731,0.0713099462729928,900,6380,41
"42","adhd","roi42","L_7AL_ROI",0.00449733809286169,0.269278315512748,6380,0.00086190986745419,0.00843918510775192,0.918655208877877,900,6380,42
"43","adhd","roi43","L_SCEF_ROI",0.0175173682637508,0.00012278749255724,6380,0.0222040489353367,0.00945060561182553,0.0188298075522121,900,6380,43
"44","adhd","roi44","L_6ma_ROI",0.000770498645672386,0.865566864064172,6380,-0.00482766176957959,0.0094358139942485,0.60892651409167,900,6380,44
"45","adhd","roi45","L_7Am_ROI",0.007949858533304,0.0241048143316864,6380,0.00614715413482222,0.00730534470809594,0.400121965441989,900,6380,45
"46","adhd","roi46","L_7PL_ROI",0.00245893745508498,0.5192561173405,6380,-0.00405226609342041,0.00791070131176845,0.608492986445102,900,6380,46
"47","adhd","roi47","L_7PC_ROI",-0.000695070038962233,0.848247039261106,6380,-0.00140223618666492,0.00752976370168149,0.852273630850721,900,6380,47
"48","adhd","roi48","L_LIPv_ROI",0.00171316453145554,0.657099874502465,6380,-0.00511500354668576,0.00800184517397959,0.522697599738286,900,6380,48
"49","adhd","roi49","L_VIP_ROI",0.00188635875936861,0.605676778976186,6380,0.00451925583716334,0.00757472576409816,0.550780293900156,900,6380,49
"50","adhd","roi50","L_MIP_ROI",0.00125010437463743,0.753333410931336,6380,-0.0175683984517327,0.00826091468902661,0.0334842420056582,900,6380,50
"51","adhd","roi51","L_1_ROI",-0.00725018187396651,0.0506968094988921,6380,-0.0155470115243777,0.0076933343008478,0.0433378996424684,900,6380,51
"52","adhd","roi52","L_2_ROI",0.000617187819227958,0.878783282497896,6380,-0.00130497404108979,0.00838908067311008,0.87638773096897,900,6380,52
"53","adhd","roi53","L_3a_ROI",-0.000313364811151705,0.942298030655281,6380,-0.00239846190583681,0.00897473357617881,0.789288390323686,900,6380,53
"54","adhd","roi54","L_6d_ROI",-0.00228680176378917,0.569575408246685,6380,-0.00661563773136685,0.00833662150092107,0.427479202963288,900,6380,54
"55","adhd","roi55","L_6mp_ROI",0.00316804096830972,0.461609253247446,6380,-0.00226020190121958,0.0089214083035332,0.800009132600883,900,6380,55
"56","adhd","roi56","L_6v_ROI",0.00484474729752767,0.19392195309995,6380,-0.00467713166237639,0.0077344090393247,0.545388329079164,900,6380,56
"57","adhd","roi57","L_p24pr_ROI",0.00930590506409376,0.0218635452295659,6380,0.00337539881276647,0.00841360362751285,0.68829849660689,900,6380,57
"58","adhd","roi58","L_33pr_ROI",0.00359729239762341,0.559166503782577,6380,0.00794623076847321,0.0127675564217475,0.533716416184184,900,6380,58
"59","adhd","roi59","L_a24pr_ROI",0.0110492339461746,0.0104625877737906,6380,-0.000316094840362768,0.00894919537996949,0.971824857262157,900,6380,59
"60","adhd","roi60","L_p32pr_ROI",0.0142978381935844,0.00213343452131322,6380,0.0215117104910457,0.00964950240373189,0.0258281705610685,900,6380,60
"61","adhd","roi61","L_a24_ROI",0.00815606696898039,0.0588349226926389,6380,0.000951315347403929,0.00894908147918776,0.915345197826834,900,6380,61
"62","adhd","roi62","L_d32_ROI",-0.00147280385809104,0.756939750391515,6380,-0.0329656355665632,0.00989831302588155,0.000872051545157441,900,6380,62
"63","adhd","roi63","L_8BM_ROI",0.00286661044904743,0.565388362374572,6380,-0.0200898685417929,0.0103542374447461,0.0523926920448787,900,6380,63
"64","adhd","roi64","L_p32_ROI",-0.00283598017587915,0.572169925847762,6380,-0.0313798741111,0.0104339878183856,0.00264463377731639,900,6380,64
"65","adhd","roi65","L_10r_ROI",0.00197687004862778,0.666341935661095,6380,-0.0180502951724443,0.00951842736603009,0.0579586296247885,900,6380,65
"66","adhd","roi66","L_47m_ROI",0.000168179039654932,0.967355128085372,6380,-0.0106562485041898,0.0085232515716253,0.211251882911555,900,6380,66
"67","adhd","roi67","L_8Av_ROI",0.00305630072344402,0.444969331728866,6380,0.00377660386134425,0.00829439005532882,0.648894369144751,900,6380,67
"68","adhd","roi68","L_8Ad_ROI",0.00462399706206602,0.310401171411661,6380,-0.00560318678896998,0.00945287255348945,0.553369757418168,900,6380,68
"69","adhd","roi69","L_9m_ROI",0.00911717046786346,0.0757257294895383,6380,-0.0205585299429688,0.0106679866832451,0.0540086383702056,900,6380,69
"70","adhd","roi70","L_8BL_ROI",0.00948735928037847,0.0369058566555459,6380,-0.010697403953532,0.0094374318761978,0.257043667534776,900,6380,70
"71","adhd","roi71","L_9p_ROI",0.00995157028298536,0.0489217663177803,6380,-0.00826091512658834,0.0104846825992993,0.430782637827164,900,6380,71
"72","adhd","roi72","L_10d_ROI",-0.00127534584431145,0.851768674588209,6380,-0.051150202117989,0.0142073161792099,0.000320302446755664,900,6380,72
"73","adhd","roi73","L_8C_ROI",0.00035926194988152,0.93204178641898,6380,-0.0021846304342207,0.0087335076828576,0.802484420909881,900,6380,73
"74","adhd","roi74","L_44_ROI",0.00216331328651065,0.6318110597946,6380,-0.00281211407643571,0.0093594863779718,0.763839139351442,900,6380,74
"75","adhd","roi75","L_45_ROI",0.00891848496349536,0.0274311200636399,6380,-0.00102361129789053,0.00838560291522953,0.902849249253514,900,6380,75
"76","adhd","roi76","L_47l_ROI",0.000926936121908765,0.799786431524304,6380,-0.0158436968743693,0.00758872897097874,0.0368561223303992,900,6380,76
"77","adhd","roi77","L_a47r_ROI",-0.00383987706910001,0.427779196997622,6380,-0.030933811184181,0.0100621935237908,0.00211917622454478,900,6380,77
"78","adhd","roi78","L_6r_ROI",0.00214858793941831,0.554239029648658,6380,-0.00466224082544859,0.00753293334210354,0.535994891777122,900,6380,78
"79","adhd","roi79","L_IFJa_ROI",-0.0044231025184841,0.342941359203406,6380,-0.00520794873346031,0.00966781263341623,0.590119973811348,900,6380,79
"80","adhd","roi80","L_IFJp_ROI",-0.00467045024891041,0.300859209394526,6380,0.00549477787463599,0.00936132079042758,0.55724728203927,900,6380,80
"81","adhd","roi81","L_IFSp_ROI",0.00366989767381691,0.416002246018034,6380,-0.00501653025547987,0.00935557717134226,0.591833902816606,900,6380,81
"82","adhd","roi82","L_IFSa_ROI",0.000723682479257724,0.880214313091201,6380,-0.00436528149429282,0.00995572678158741,0.661060920842231,900,6380,82
"83","adhd","roi83","L_p9-46v_ROI",0.00441927223384544,0.323323442008261,6380,-0.00310873160750704,0.00927726889814733,0.737567289023871,900,6380,83
"84","adhd","roi84","L_46_ROI",0.00839662952495717,0.100148137326021,6380,0.00167962698991418,0.0105870110603873,0.873949834835894,900,6380,84
"85","adhd","roi85","L_a9-46v_ROI",-0.00538942341477195,0.294816715403816,6380,-0.0313985079572121,0.0106852680983253,0.0033100315063684,900,6380,85
"86","adhd","roi86","L_9-46d_ROI",-0.00283101939914324,0.602270549544697,6380,-0.0200028683439106,0.0112698707111577,0.0759625137230234,900,6380,86
"87","adhd","roi87","L_9a_ROI",0.00266384420484893,0.637322088220021,6380,-0.0221543490615001,0.0117306682150175,0.0589930227961583,900,6380,87
"88","adhd","roi88","L_10v_ROI",-0.00783548712624891,0.0858288498340999,6380,-0.0219451159161793,0.00946142255915632,0.0204031486127576,900,6380,88
"89","adhd","roi89","L_a10p_ROI",0.00529974970932819,0.355340422813894,6380,-0.0296063565280717,0.0119203814297661,0.0130289555158994,900,6380,89
"90","adhd","roi90","L_10pp_ROI",-0.0125552777892112,0.0489463765366785,6380,-0.0432975685126728,0.0132399418106302,0.00108033669942472,900,6380,90
"91","adhd","roi91","L_11l_ROI",0.00663703469097958,0.233007936217464,6380,-0.00957810416752788,0.0115430520466579,0.406698662419171,900,6380,91
"92","adhd","roi92","L_13l_ROI",0.00133169454818933,0.785209883251045,6380,-0.01420503522521,0.0101371762598112,0.161178696713312,900,6380,92
"93","adhd","roi93","L_OFC_ROI",-0.00574219976735217,0.257691820672076,6380,-0.00991907241587932,0.0105166808004169,0.345627070623231,900,6380,93
"94","adhd","roi94","L_47s_ROI",-0.000716161034840644,0.848475564597813,6380,-0.00610537292901768,0.00777132683034493,0.432114602514088,900,6380,94
"95","adhd","roi95","L_LIPd_ROI",0.00445153628734039,0.208546619731398,6380,-0.0066334211780124,0.00734306583007894,0.366369799605393,900,6380,95
"96","adhd","roi96","L_6a_ROI",-0.00327766165717932,0.456790612463957,6380,0.00639345441338367,0.00913390282681165,0.483971844079821,900,6380,96
"97","adhd","roi97","L_i6-8_ROI",0.00294856387020488,0.470822980586943,6380,0.00811038574010126,0.0084767467502093,0.338714381194308,900,6380,97
"98","adhd","roi98","L_s6-8_ROI",0.00971901041548967,0.0219992950319704,6380,0.00179553658525331,0.00879705149595838,0.838276689236924,900,6380,98
"99","adhd","roi99","L_43_ROI",-0.00279851791046153,0.397340417959815,6380,-0.00552144634575349,0.00685435268154352,0.420538951257932,900,6380,99
"100","adhd","roi100","L_OP4_ROI",-0.00515988124029215,0.086799573546797,6380,-0.0052806685076363,0.00624518771524153,0.397831116761894,900,6380,100
"101","adhd","roi101","L_OP1_ROI",-0.00291915658671981,0.381651370094709,6380,-0.00388216756204667,0.00691676434117038,0.574633702301929,900,6380,101
"102","adhd","roi102","L_OP2-3_ROI",0.00783359417111788,0.0377802245433102,6380,0.00102116861329397,0.00781820614169485,0.896084646309628,900,6380,102
"103","adhd","roi103","L_52_ROI",0.000956652407357465,0.818647433206442,6380,0.0104447998585626,0.00865260932870588,0.22742799265268,900,6380,103
"104","adhd","roi104","L_RI_ROI",0.00241090762799091,0.521565470868269,6380,0.0111018469400249,0.00780073030536648,0.154732821423288,900,6380,104
"105","adhd","roi105","L_PFcm_ROI",0.00173823979435681,0.622381080057528,6380,-0.00426257331322856,0.00731829542964953,0.560281268754018,900,6380,105
"106","adhd","roi106","L_PoI2_ROI",0.00135799228548794,0.714588434828187,6380,-0.00593845331093574,0.00770005834029176,0.440604045187732,900,6380,106
"107","adhd","roi107","L_TA2_ROI",0.00383903943706278,0.327931404063293,6380,0.0172580591580168,0.00814199012962617,0.0340752844246042,900,6380,107
"108","adhd","roi108","L_FOP4_ROI",0.0113604919255107,0.00431411054324483,6380,0.00912495073424366,0.00824846306193592,0.268655461941382,900,6380,108
"109","adhd","roi109","L_MI_ROI",0.0036053621507558,0.35991710038267,6380,0.00939205565936862,0.00816454723594884,0.250044503157673,900,6380,109
"110","adhd","roi110","L_Pir_ROI",0.00467626219265382,0.330271342596214,6380,0.012437468625243,0.0099586122436608,0.211741749558708,900,6380,110
"111","adhd","roi111","L_AVI_ROI",0.00045503569143138,0.920187366204967,6380,0.000468031045701715,0.00941414082610951,0.960350466198326,900,6380,111
"112","adhd","roi112","L_AAIC_ROI",-0.000294832057790568,0.948746886184009,6380,0.00181108827598639,0.00950814526952705,0.848940998502894,900,6380,112
"113","adhd","roi113","L_FOP1_ROI",0.0038015300746199,0.240635905495199,6380,0.00596518922681603,0.00671579914302943,0.374449384621001,900,6380,113
"114","adhd","roi114","L_FOP3_ROI",0.0120675661298927,0.00176595579784508,6380,0.0101576682936079,0.00799697325566478,0.204063670968021,900,6380,114
"115","adhd","roi115","L_FOP2_ROI",0.00344510353915487,0.350599579853788,6380,0.00369901859659766,0.00765068715327348,0.628765602726826,900,6380,115
"116","adhd","roi116","L_PFt_ROI",-0.00302940191542413,0.407026987221109,6380,-0.0138301690455901,0.00757896471438371,0.0680765498571678,900,6380,116
"117","adhd","roi117","L_AIP_ROI",-0.00345559978852085,0.347795217520979,6380,-0.00819695349943658,0.00763045885125535,0.282755267403211,900,6380,117
"118","adhd","roi118","L_EC_ROI",0.00190106634794697,0.567921864688573,6380,-0.00350361733001087,0.0069016254146716,0.611715664323584,900,6380,118
"119","adhd","roi119","L_PreS_ROI",-0.00331091565164245,0.403541014971488,6380,-0.0176411010729412,0.00822479148522528,0.0320010239970976,900,6380,119
"120","adhd","roi120","L_H_ROI",-0.0042420928977965,0.182645200061754,6380,0.00559579351402093,0.00660314656476795,0.396779815684322,900,6380,120
"121","adhd","roi121","L_ProS_ROI",-0.00314997835586337,0.585944073647234,6380,-0.0168754103550055,0.0119925626570152,0.159429829602119,900,6380,121
"122","adhd","roi122","L_PeEc_ROI",-0.000340818168376667,0.928982814209139,6380,-0.00297998248952355,0.00792745858290369,0.706998993404266,900,6380,122
"123","adhd","roi123","L_STGa_ROI",-0.000612325363149515,0.862915425394691,6380,0.00940439671079005,0.00735604814940623,0.201134653624036,900,6380,123
"124","adhd","roi124","L_PBelt_ROI",0.00629149238748642,0.106927447918489,6380,0.0143963328935127,0.00809173840109587,0.0752645359091382,900,6380,124
"125","adhd","roi125","L_A5_ROI",0.00207146670158143,0.648130049754877,6380,0.0210322903352527,0.00942220754255208,0.0256361075758903,900,6380,125
"126","adhd","roi126","L_PHA1_ROI",-0.00197468384479374,0.5875105871046,6380,-0.00925612692852135,0.00754857127093589,0.220165316758735,900,6380,126
"127","adhd","roi127","L_PHA3_ROI",0.00251436463108719,0.569026563273719,6380,-0.010429688108991,0.00915853292372909,0.254831646824614,900,6380,127
"128","adhd","roi128","L_STSda_ROI",-0.0070347695789561,0.101816529700491,6380,0.00511073553053439,0.00891778077589961,0.56660060492637,900,6380,128
"129","adhd","roi129","L_STSdp_ROI",0.00431007233017038,0.246548111660563,6380,0.0107126980556677,0.00771182072116907,0.164842705830629,900,6380,129
"130","adhd","roi130","L_STSvp_ROI",0.0022672295114112,0.498176977139071,6380,0.00279589267986966,0.00693843543892509,0.686993216569814,900,6380,130
"131","adhd","roi131","L_TGd_ROI",-0.00491058467592801,0.213774147728857,6380,0.00579968826201766,0.00819201303056592,0.478990639820155,900,6380,131
"132","adhd","roi132","L_TE1a_ROI",-0.00761847161293482,0.0448749245763748,6380,0.00581286817445041,0.00787998618257959,0.460739188359558,900,6380,132
"133","adhd","roi133","L_TE1p_ROI",0.00415022093911381,0.235909045245303,6380,0.0104649971279003,0.00725993081490841,0.149500144394981,900,6380,133
"134","adhd","roi134","L_TE2a_ROI",0.0016653015248134,0.694302827712045,6380,0.0110352889586206,0.00878683793393207,0.209202449540862,900,6380,134
"135","adhd","roi135","L_TF_ROI",-0.00771864130259855,0.0719943449186025,6380,-0.0125988801005982,0.00889313078355771,0.156620159370778,900,6380,135
"136","adhd","roi136","L_TE2p_ROI",0.000805761361169191,0.83786294442666,6380,-0.0171460768604066,0.00817601576836186,0.036022377814788,900,6380,136
"137","adhd","roi137","L_PHT_ROI",0.000800754691246766,0.821410134693848,6380,-0.00568207597433103,0.00735551634911787,0.439851868843757,900,6380,137
"138","adhd","roi138","L_PH_ROI",0.00389352898978584,0.288016940219715,6380,-0.00128185330497727,0.00759737875001229,0.866019803943407,900,6380,138
"139","adhd","roi139","L_TPOJ1_ROI",0.000461521894412064,0.903645916476121,6380,-0.00664951905149242,0.00790522144130768,0.400292502864789,900,6380,139
"140","adhd","roi140","L_TPOJ2_ROI",0.00807139815220662,0.0307320435922748,6380,-0.00339419553007942,0.00774861469429139,0.661372856008709,900,6380,140
"141","adhd","roi141","L_TPOJ3_ROI",0.00747945206688756,0.0663201947245627,6380,-0.00676112006724152,0.00845063419448516,0.423698625646814,900,6380,141
"142","adhd","roi142","L_DVT_ROI",0.00518835468262589,0.290195956831322,6380,-0.00448264085157395,0.0101713148724129,0.659435016190613,900,6380,142
"143","adhd","roi143","L_PGp_ROI",0.00579590502839586,0.148417548230474,6380,0.00413717797284513,0.00831330406519179,0.618742658851927,900,6380,143
"144","adhd","roi144","L_IP2_ROI",0.00200098623031513,0.599678805946579,6380,-0.00621313421478971,0.00790579011605213,0.431957250761313,900,6380,144
"145","adhd","roi145","L_IP1_ROI",0.00878248282284537,0.0219127509237784,6380,0.00946922340200233,0.00794201621132431,0.233190146683074,900,6380,145
"146","adhd","roi146","L_IP0_ROI",0.00771029322180941,0.0458676171389762,6380,0.00306504434243856,0.00800483387164608,0.701807293832268,900,6380,146
"147","adhd","roi147","L_PFop_ROI",-0.00342619580376874,0.258694517853357,6380,-0.00794590237157954,0.00628897607854859,0.206468286871045,900,6380,147
"148","adhd","roi148","L_PF_ROI",0.00202356253229113,0.58006952665873,6380,-0.0148021968077612,0.00759412075225805,0.0513195170174961,900,6380,148
"149","adhd","roi149","L_PFm_ROI",0.00530972014697874,0.140920909932254,6380,0.000403285807547802,0.00747607967935417,0.956981881022082,900,6380,149
"150","adhd","roi150","L_PGi_ROI",0.00240905828353762,0.471021270700313,6380,-0.00183192899138258,0.00692884231444493,0.791486594089747,900,6380,150
"151","adhd","roi151","L_PGs_ROI",0.00718145081502959,0.0353526220274103,6380,0.00842233983566023,0.00707338893432349,0.233812658026209,900,6380,151
"152","adhd","roi152","L_V6A_ROI",0.00218590307621174,0.628629595939273,6380,-0.00229101813656614,0.00936950019435246,0.806836985782735,900,6380,152
"153","adhd","roi153","L_VMV1_ROI",-0.000737328547866504,0.823277675807354,6380,-0.00453440858362942,0.0068446129795474,0.50768861011859,900,6380,153
"154","adhd","roi154","L_VMV3_ROI",0.00829882310578933,0.0327666532174737,6380,0.0106611086980466,0.00805676619207333,0.185800042144638,900,6380,154
"155","adhd","roi155","L_PHA2_ROI",-0.000843756620073023,0.8437424245362,6380,-0.00538393169287904,0.00887446384704255,0.544087014890199,900,6380,155
"156","adhd","roi156","L_V4t_ROI",0.00263741108767748,0.528874166498663,6380,0.00627312932178033,0.00868237681460323,0.470005716113425,900,6380,156
"157","adhd","roi157","L_FST_ROI",0.00151263806938612,0.672065747403646,6380,-0.000497616771267731,0.0074075177765848,0.946442693861572,900,6380,157
"158","adhd","roi158","L_V3CD_ROI",0.0064822652604873,0.0914322581974146,6380,0.0114508059710204,0.00796130432250604,0.150395871109415,900,6380,158
"159","adhd","roi159","L_LO3_ROI",0.00272146523753551,0.494504892232585,6380,0.00798931050495479,0.00825894054535607,0.333404346879484,900,6380,159
"160","adhd","roi160","L_VMV2_ROI",0.0070482003036187,0.0908812530722489,6380,0.00713611760080861,0.00864049978232978,0.408896423752893,900,6380,160
"161","adhd","roi161","L_31pd_ROI",-0.000908807917554345,0.792383384220611,6380,-0.00823898651570406,0.00715984952124037,0.249890382346372,900,6380,161
"162","adhd","roi162","L_31a_ROI",0.00576740929552133,0.104378997075876,6380,0.00190892539781025,0.00736185428255858,0.795412516602992,900,6380,162
"163","adhd","roi163","L_VVC_ROI",0.00507895868889843,0.212480729867246,6380,0.0019826380020727,0.00844449459298781,0.814383401525821,900,6380,163
"164","adhd","roi164","L_25_ROI",-0.00491027062336677,0.29308384454964,6380,-0.002307964208,0.00968122725832765,0.811581769598118,900,6380,164
"165","adhd","roi165","L_s32_ROI",-0.00370131133655981,0.371112395606496,6380,-0.0128123045227658,0.0085816863073524,0.135491383412082,900,6380,165
"166","adhd","roi166","L_pOFC_ROI",0.0017813150785886,0.719245092179931,6380,-0.00925840118891866,0.0102763941887105,0.367654975182886,900,6380,166
"167","adhd","roi167","L_PoI1_ROI",0.00240252023590912,0.504413418889396,6380,0.00689328143966316,0.00746129672756516,0.35558807484459,900,6380,167
"168","adhd","roi168","L_Ig_ROI",-0.00340358249168821,0.382870245511409,6380,-0.0182927218110259,0.00809445428865437,0.0238605944981676,900,6380,168
"169","adhd","roi169","L_FOP5_ROI",0.00248074435834544,0.604904450367623,6380,-0.00195130839555291,0.00994045804019865,0.844381900234256,900,6380,169
"170","adhd","roi170","L_p10p_ROI",0.00385641864048728,0.509126572156901,6380,-0.0263674808336438,0.0121340655635497,0.0298160798560004,900,6380,170
"171","adhd","roi171","L_p47r_ROI",0.00375965086512576,0.427907271302788,6380,-0.0113032458116113,0.0098383476266019,0.25064168744815,900,6380,171
"172","adhd","roi172","L_TGv_ROI",-0.00177759107769874,0.662706331855648,6380,0.00585608360131949,0.0084503734734306,0.488336688530582,900,6380,172
"173","adhd","roi173","L_MBelt_ROI",0.00298345974466743,0.461760524255931,6380,0.0169499499243512,0.00841123042840653,0.0439301288404308,900,6380,173
"174","adhd","roi174","L_LBelt_ROI",0.00132257806329372,0.742605267489856,6380,0.00804022176512461,0.00835020989225244,0.335646000137025,900,6380,174
"175","adhd","roi175","L_A4_ROI",-0.00173593791978099,0.671003124749507,6380,0.00560109204873808,0.00847380763745755,0.508643392492922,900,6380,175
"176","adhd","roi176","L_STSva_ROI",-0.00252013220078978,0.517765177107131,6380,0.0133233588965383,0.00808735045560435,0.0995186311251119,900,6380,176
"177","adhd","roi177","L_TE1m_ROI",0.000482714881614257,0.899945042559461,6380,0.0152645423252626,0.0079679536582205,0.0554426792973641,900,6380,177
"178","adhd","roi178","L_PI_ROI",0.00849439823541094,0.0644264040120628,6380,0.0190003767721176,0.00952484260537608,0.0461047039575516,900,6380,178
"179","adhd","roi179","L_a32pr_ROI",-0.000812814702281522,0.874501460077405,6380,-0.00545043260374607,0.0106686808341252,0.609451679394483,900,6380,179
"180","adhd","roi180","L_p24_ROI",-0.00608310311061965,0.211333710798744,6380,-0.013843464404998,0.0100902257484747,0.170121788655315,900,6380,180
"181","adhd","roi181","R_V1_ROI",0.00625618334814687,0.147875021984082,6380,-0.00522689559889376,0.00896634342203611,0.559950170595522,900,6380,181
"182","adhd","roi182","R_MST_ROI",0.00921104551159633,0.0570015618939717,6380,0.0295543054483484,0.0100446570796332,0.00326967879735392,900,6380,182
"183","adhd","roi183","R_V6_ROI",0.00186894980579794,0.676278537337822,6380,8.64999399451325e-05,0.00927872168346195,0.992562201934086,900,6380,183
"184","adhd","roi184","R_V2_ROI",0.00378730205612305,0.313214018933876,6380,0.00849217564535859,0.00778543663562188,0.275412252459641,900,6380,184
"185","adhd","roi185","R_V3_ROI",0.00544449649790952,0.130429625201994,6380,0.0176879695999098,0.00746855312083601,0.0178984563498833,900,6380,185
"186","adhd","roi186","R_V4_ROI",0.00224367988256912,0.537524461501558,6380,0.0109732744052416,0.0075468860911153,0.145991824503603,900,6380,186
"187","adhd","roi187","R_V8_ROI",-0.00265476848412801,0.449076444932293,6380,0.00545722585203577,0.00727314026727788,0.453086132480049,900,6380,187
"188","adhd","roi188","R_4_ROI",0.015044092165615,0.00133552318994429,6380,0.0081103558329426,0.00971834048733107,0.404007358949286,900,6380,188
"189","adhd","roi189","R_3b_ROI",0.0126473230734066,0.004530862429234,6380,0.018474587346793,0.00923432230831641,0.0454731802020298,900,6380,189
"190","adhd","roi190","R_FEF_ROI",-0.00376422754127989,0.401983177960957,6380,-7.95006859881487e-05,0.00931091045853007,0.99318765764966,900,6380,190
"191","adhd","roi191","R_PEF_ROI",0.000198978255444798,0.967447583220402,6380,0.00548686004155057,0.01010823098898,0.587278856834068,900,6380,191
"192","adhd","roi192","R_55b_ROI",-0.00103945146851513,0.820086008229988,6380,-0.0067307992198167,0.00947530744199582,0.477512171644756,900,6380,192
"193","adhd","roi193","R_V3A_ROI",0.00070407162076475,0.862654357883303,6380,-0.00190891889646074,0.00843697612348022,0.821009353618966,900,6380,193
"194","adhd","roi194","R_RSC_ROI",0.00447977892697288,0.319262160041459,6380,-0.00225361844648089,0.00932525452708223,0.809044970286156,900,6380,194
"195","adhd","roi195","R_POS2_ROI",0.00585472901328354,0.267069969062109,6380,0.00697738622852973,0.0109350799566291,0.523448683885281,900,6380,195
"196","adhd","roi196","R_V7_ROI",-0.00089282497851143,0.835492180347023,6380,-0.0067761879313628,0.00891381621214291,0.44716955927763,900,6380,196
"197","adhd","roi197","R_IPS1_ROI",0.0114540179138076,0.0115169361767897,6380,-0.00145939813429675,0.00940114211327649,0.876639982528502,900,6380,197
"198","adhd","roi198","R_FFC_ROI",0.00314694773112804,0.438161673960619,6380,-0.00184771862819659,0.00841498996035869,0.826209457307911,900,6380,198
"199","adhd","roi199","R_V3B_ROI",0.00311434909031246,0.423976329977786,6380,0.00737904928580398,0.00807512547707033,0.360856556402317,900,6380,199
"200","adhd","roi200","R_LO1_ROI",0.0018492756528426,0.596335939791718,6380,0.00548339907568356,0.00723795573501388,0.448724807063856,900,6380,200
"201","adhd","roi201","R_LO2_ROI",0.00143011645278454,0.711542896296718,6380,-0.00110474514489392,0.00801729624297595,0.890406612984144,900,6380,201
"202","adhd","roi202","R_PIT_ROI",-0.000352086557983695,0.92376554263347,6380,9.25324077174327e-05,0.00762727360057901,0.990320857148682,900,6380,202
"203","adhd","roi203","R_MT_ROI",0.00573634848204501,0.277693927982418,6380,-0.000595343487272495,0.0109552429068266,0.956663397334569,900,6380,203
"204","adhd","roi204","R_A1_ROI",0.00772810688331011,0.0572509028342856,6380,0.0170587607599599,0.00842777697410153,0.0430003302210068,900,6380,204
"205","adhd","roi205","R_PSL_ROI",0.000959746808014524,0.780414744595814,6380,0.00141389962206229,0.00713657292100301,0.84295730251221,900,6380,205
"206","adhd","roi206","R_SFL_ROI",0.00305530660091452,0.524559545245886,6380,-0.0122462712620659,0.00996099592569054,0.218958894392243,900,6380,206
"207","adhd","roi207","R_PCV_ROI",0.000312176970741429,0.938824956883007,6380,0.0147409665240432,0.0084403819384265,0.080775608399119,900,6380,207
"208","adhd","roi208","R_STV_ROI",0.00373532282564769,0.366515679629866,6380,-0.00559338346181082,0.00857795476128474,0.514382814162103,900,6380,208
"209","adhd","roi209","R_7Pm_ROI",-0.00114668302289287,0.758345450083414,6380,-0.00893587341473351,0.00772895721225179,0.247661074668728,900,6380,209
"210","adhd","roi210","R_7m_ROI",0.00537737323626626,0.115371458028008,6380,0.0069493925203078,0.00707921553968579,0.326303977588802,900,6380,210
"211","adhd","roi211","R_POS1_ROI",0.00415997819998041,0.411877257990438,6380,0.00481887568015214,0.0105085963798027,0.646562138867408,900,6380,211
"212","adhd","roi212","R_23d_ROI",0.00491899052238795,0.214650715476773,6380,0.000837688117278568,0.00821769229185291,0.918809771972866,900,6380,212
"213","adhd","roi213","R_v23ab_ROI",-0.000188715926600509,0.954810130114169,6380,-0.00436742010899185,0.00690433631245338,0.527042477395334,900,6380,213
"214","adhd","roi214","R_d23ab_ROI",0.00203046726965176,0.551230529784461,6380,-0.00510994902041031,0.00706556441183739,0.469572024082728,900,6380,214
"215","adhd","roi215","R_31pv_ROI",0.0104288040693789,0.0038343564306022,6380,0.00164374753104574,0.00747769448267636,0.82601831051029,900,6380,215
"216","adhd","roi216","R_5m_ROI",0.0133254701095383,0.00305304443413708,6380,0.0147497527026938,0.00932167059393893,0.113628951161117,900,6380,216
"217","adhd","roi217","R_5mv_ROI",0.010326798272493,0.013155574734509,6380,0.0181086775007841,0.00863383588915644,0.035996776207434,900,6380,217
"218","adhd","roi218","R_23c_ROI",0.00455523973755652,0.291085587597439,6380,0.0165001767626275,0.00894928435171312,0.0652670790319687,900,6380,218
"219","adhd","roi219","R_5L_ROI",0.00291698358566132,0.481261190048593,6380,-0.00882555491316129,0.00859112356171476,0.304324054431015,900,6380,219
"220","adhd","roi220","R_24dd_ROI",0.0175011102080612,7.62524943956096e-05,6380,0.00844402111339159,0.00916835795090329,0.357087386581307,900,6380,220
"221","adhd","roi221","R_24dv_ROI",0.0107092913808012,0.0143270520103189,6380,0.0223811526906432,0.00906803846511528,0.0136079432565673,900,6380,221
"222","adhd","roi222","R_7AL_ROI",0.0058418541669324,0.147268809534701,6380,0.000299130587280287,0.00835661412563132,0.971446408664311,900,6380,222
"223","adhd","roi223","R_SCEF_ROI",0.0124425012907046,0.00306351888961394,6380,0.0083061483515786,0.00870769662232836,0.340177635885049,900,6380,223
"224","adhd","roi224","R_6ma_ROI",0.00118425204964518,0.789396223824669,6380,-0.0209333880612343,0.00920910617287332,0.0230522026516064,900,6380,224
"225","adhd","roi225","R_7Am_ROI",0.00538680271772074,0.127622651135353,6380,0.00692045436827343,0.00732885431539136,0.345064919074908,900,6380,225
"226","adhd","roi226","R_7PL_ROI",0.00397100502885384,0.320093153130708,6380,-0.00387643018992968,0.00828143428554492,0.63973852319546,900,6380,226
"227","adhd","roi227","R_7PC_ROI",0.00330260359552247,0.383043873130582,6380,0.0033323969733386,0.00784819892574319,0.671137829400523,900,6380,227
"228","adhd","roi228","R_LIPv_ROI",0.00956139345359484,0.0172916718609766,6380,0.00229386092629512,0.00832666286065687,0.782953487221877,900,6380,228
"229","adhd","roi229","R_VIP_ROI",0.00803786827068394,0.0319858861770086,6380,0.0120200918562436,0.00776873848268709,0.121855404090399,900,6380,229
"230","adhd","roi230","R_MIP_ROI",0.00977663960837553,0.0159496585797383,6380,0.00563676389839741,0.00840795646712486,0.502621841484257,900,6380,230
"231","adhd","roi231","R_1_ROI",2.33685688463955e-06,0.999502463748449,6380,-0.0126565361745714,0.00777551653830253,0.103629022714518,900,6380,231
"232","adhd","roi232","R_2_ROI",0.00324196058635501,0.444935092110625,6380,-0.00670604542804737,0.00880135564208421,0.44612805837081,900,6380,232
"233","adhd","roi233","R_3a_ROI",0.00908176768747957,0.0443579264233475,6380,0.0045616251356876,0.00936231191505875,0.626110153212525,900,6380,233
"234","adhd","roi234","R_6d_ROI",0.00994012855865234,0.0173666548301766,6380,-0.00269575340656287,0.008666285485951,0.755763552065973,900,6380,234
"235","adhd","roi235","R_6mp_ROI",0.00641525882866938,0.160792974095445,6380,-0.000877366748190746,0.00948387040050511,0.92629459141061,900,6380,235
"236","adhd","roi236","R_6v_ROI",-0.000267139155445354,0.942547168296431,6380,-0.00574339200339273,0.0076852472835375,0.454893845277153,900,6380,236
"237","adhd","roi237","R_p24pr_ROI",-0.0007123310037578,0.862491978670195,6380,-0.0149224317768489,0.00853347823072412,0.0803923044842903,900,6380,237
"238","adhd","roi238","R_33pr_ROI",0.00307838921641795,0.600432648598351,6380,0.0226681669772462,0.0121939061037956,0.0630767602316643,900,6380,238
"239","adhd","roi239","R_a24pr_ROI",0.00639652723369989,0.112812652190598,6380,0.0228952161213618,0.00837239208102726,0.00626272013204166,900,6380,239
"240","adhd","roi240","R_p32pr_ROI",0.0112205493437591,0.0100589133454421,6380,0.0234523937037328,0.00904041485272506,0.00950361120506203,900,6380,240
"241","adhd","roi241","R_a24_ROI",0.00141738253932596,0.7661882203982,6380,-0.0170109931977312,0.00989232995683293,0.0855511303281374,900,6380,241
"242","adhd","roi242","R_d32_ROI",-0.00167159711618519,0.729392231546555,6380,-0.0324555986090635,0.0100486710271237,0.00124488237956878,900,6380,242
"243","adhd","roi243","R_8BM_ROI",0.0015013159683358,0.756571999000428,6380,-0.00705320900894516,0.0100421946204124,0.482482011572583,900,6380,243
"244","adhd","roi244","R_p32_ROI",-0.00161276959323535,0.747064034689624,6380,-0.0244392570030424,0.0103830660306836,0.0186147619041745,900,6380,244
"245","adhd","roi245","R_10r_ROI",0.00356909602599419,0.429167729612785,6380,-0.0187227780282546,0.00937571849977112,0.0458738178881789,900,6380,245
"246","adhd","roi246","R_47m_ROI",0.00592495655949031,0.182600909541773,6380,0.0139138721616494,0.00921714911232456,0.131204430376539,900,6380,246
"247","adhd","roi247","R_8Av_ROI",0.00551138986284766,0.213924136362639,6380,-0.00988910053167002,0.00920070442274724,0.282496063016285,900,6380,247
"248","adhd","roi248","R_8Ad_ROI",-0.0041089103581819,0.3687118082776,6380,-0.0158312007836831,0.00948034465682036,0.0949888417493043,900,6380,248
"249","adhd","roi249","R_9m_ROI",0.00276459573704017,0.601034525612544,6380,-0.0288914529446552,0.0109902921652456,0.00858885075439922,900,6380,249
"250","adhd","roi250","R_8BL_ROI",0.00242310404757671,0.599555282769145,6380,-0.0226968515831062,0.00958905322524829,0.0179648731336824,900,6380,250
"251","adhd","roi251","R_9p_ROI",-0.00524873581881351,0.327543020526668,6380,-0.0251705762115129,0.0111246409340727,0.0236940941598321,900,6380,251
"252","adhd","roi252","R_10d_ROI",-0.000220437509866827,0.972277712627201,6380,-0.045690474615396,0.0132022213676597,0.000542071592872194,900,6380,252
"253","adhd","roi253","R_8C_ROI",0.00084708236330314,0.856555730214278,6380,-0.0167608240883929,0.0097251430501906,0.0848552166652656,900,6380,253
"254","adhd","roi254","R_44_ROI",0.00593072812706525,0.193203760050883,6380,-0.0148870502671047,0.00946349997990916,0.115744876826519,900,6380,254
"255","adhd","roi255","R_45_ROI",0.0042761723033207,0.328806584263937,6380,-0.0042225102570818,0.00907985961951927,0.641917734784518,900,6380,255
"256","adhd","roi256","R_47l_ROI",0.00432682225261475,0.25067908125726,6380,-0.0121372304541891,0.00781957177777516,0.120673502720452,900,6380,256
"257","adhd","roi257","R_a47r_ROI",0.00329937204653409,0.503864213433874,6380,-0.0177788901918235,0.0102467674224872,0.0827762295936852,900,6380,257
"258","adhd","roi258","R_6r_ROI",-0.00342988647064019,0.341962309071901,6380,0.0028936880609835,0.00748348096114528,0.699008450140026,900,6380,258
"259","adhd","roi259","R_IFJa_ROI",0.00575859740772838,0.216027237416543,6380,0.00878023826842774,0.00964876839374999,0.362864645025504,900,6380,259
"260","adhd","roi260","R_IFJp_ROI",0.00512360253956229,0.26601163877812,6380,-0.00448770154463874,0.00955160173674288,0.638487138704398,900,6380,260
"261","adhd","roi261","R_IFSp_ROI",0.00700260575089651,0.153681295585495,6380,0.00968739873275836,0.010174461750728,0.341067756420739,900,6380,261
"262","adhd","roi262","R_IFSa_ROI",-0.000542302875460081,0.911496617095518,6380,-0.00201130205100429,0.010114039490009,0.842376738031675,900,6380,262
"263","adhd","roi263","R_p9-46v_ROI",-0.00206747643498917,0.652833838494874,6380,-0.0132264405017595,0.00953199589141784,0.165312436801741,900,6380,263
"264","adhd","roi264","R_46_ROI",0.00154213219024752,0.741264624802135,6380,-0.0224124459793289,0.0097019327074443,0.0209143601829889,900,6380,264
"265","adhd","roi265","R_a9-46v_ROI",0.00524113143115376,0.272524548057201,6380,-0.0165107203203049,0.00991724802256385,0.0959920667419034,900,6380,265
"266","adhd","roi266","R_9-46d_ROI",-0.00727880934448256,0.145113204599367,6380,-0.0340148006376855,0.0103783610485043,0.0010530189487432,900,6380,266
"267","adhd","roi267","R_9a_ROI",0.000509295064437181,0.93148805367632,6380,-0.0408674346791883,0.0123270286626274,0.000920663672947984,900,6380,267
"268","adhd","roi268","R_10v_ROI",-0.00479331764580398,0.273536917772276,6380,-0.0146078588765044,0.00907788142432616,0.107628620996397,900,6380,268
"269","adhd","roi269","R_a10p_ROI",-0.00103245226493534,0.853290254117527,6380,-0.0246850133855774,0.0115900445130385,0.0332225282920523,900,6380,269
"270","adhd","roi270","R_10pp_ROI",-0.012933482080516,0.0273341829874957,6380,-0.0232701249327592,0.0121502727313099,0.0555125459631786,900,6380,270
"271","adhd","roi271","R_11l_ROI",0.00564050781018458,0.257615715325298,6380,-0.00756178573727283,0.0103339243752595,0.464351837448254,900,6380,271
"272","adhd","roi272","R_13l_ROI",0.00856140965216763,0.0767824446852061,6380,0.00256777443136882,0.0100287217968093,0.797926640057971,900,6380,272
"273","adhd","roi273","R_OFC_ROI",-0.00757156373646859,0.102061369174511,6380,-0.013254203798833,0.0096002466584794,0.167447114115307,900,6380,273
"274","adhd","roi274","R_47s_ROI",-0.000147211150836591,0.968980786972367,6380,-0.0024089779860084,0.00784776295704769,0.758881071843343,900,6380,274
"275","adhd","roi275","R_LIPd_ROI",0.00433032762400457,0.253258031810181,6380,-3.53108443858075e-05,0.00785762848752804,0.99641459543879,900,6380,275
"276","adhd","roi276","R_6a_ROI",0.00293275969952211,0.483313178345505,6380,0.00908527555668812,0.00867415291500096,0.294956582888572,900,6380,276
"277","adhd","roi277","R_i6-8_ROI",0.00676286294651346,0.115152718043184,6380,0.0104352795973618,0.00889819499056,0.240943469559825,900,6380,277
"278","adhd","roi278","R_s6-8_ROI",0.00788892862980611,0.103863532883666,6380,0.00394696807915101,0.0100544876415037,0.694659208697709,900,6380,278
"279","adhd","roi279","R_43_ROI",0.000328172510707228,0.92195346216878,6380,0.00152353568210686,0.00694371107405456,0.826335912234559,900,6380,279
"280","adhd","roi280","R_OP4_ROI",-0.00315242902843683,0.358559756345496,6380,-0.00115840691975908,0.00711769765287625,0.870720259957622,900,6380,280
"281","adhd","roi281","R_OP1_ROI",0.00941601952654287,0.013692700086686,6380,0.00176339061282797,0.00791839448336681,0.823779664087086,900,6380,281
"282","adhd","roi282","R_OP2-3_ROI",0.00510918539666665,0.206570763350949,6380,0.0141034591250724,0.00838813057017651,0.0927422184939811,900,6380,282
"283","adhd","roi283","R_52_ROI",0.000730866660230771,0.872604926889189,6380,0.0085982867476011,0.00945065574144544,0.362957943892321,900,6380,283
"284","adhd","roi284","R_RI_ROI",-0.000929347141324983,0.809837528631974,6380,-0.0075753008539194,0.00800776193858764,0.344187139375792,900,6380,284
"285","adhd","roi285","R_PFcm_ROI",0.00203168276291731,0.568834394108096,6380,-0.0066259581498256,0.00739512677936785,0.370292069046472,900,6380,285
"286","adhd","roi286","R_PoI2_ROI",0.00356854351250599,0.320021004245842,6380,0.0128888404769437,0.00744268502231161,0.0833671980265227,900,6380,286
"287","adhd","roi287","R_TA2_ROI",0.00397347057311586,0.369588087588749,6380,0.0186612786309458,0.00918783160402141,0.0422876845806794,900,6380,287
"288","adhd","roi288","R_FOP4_ROI",0.00571580780885716,0.134830716066205,6380,0.00326993466657169,0.00792341212154533,0.679845633063176,900,6380,288
"289","adhd","roi289","R_MI_ROI",0.00459394729210716,0.199619630207236,6380,0.00460879494068384,0.00742416681866519,0.53476476286653,900,6380,289
"290","adhd","roi290","R_Pir_ROI",7.70113605712313e-05,0.986241234233622,6380,0.0256802820271641,0.00928121334213496,0.00567536436258673,900,6380,290
"291","adhd","roi291","R_AVI_ROI",0.00605547049920989,0.136832824355762,6380,-0.00104312575009278,0.00843907331933414,0.901630610962258,900,6380,291
"292","adhd","roi292","R_AAIC_ROI",-0.00164733049886404,0.715413657709983,6380,-0.00623018981650363,0.00936689981719268,0.505992537894522,900,6380,292
"293","adhd","roi293","R_FOP1_ROI",0.00312915724337748,0.346768024102278,6380,0.00288271522884047,0.00689402622939641,0.675853861228206,900,6380,293
"294","adhd","roi294","R_FOP3_ROI",0.00353935963342634,0.358471204019049,6380,0.00273463443291016,0.00798967065110991,0.732158073723196,900,6380,294
"295","adhd","roi295","R_FOP2_ROI",0.00480873930014429,0.214988205845169,6380,0.00161873553473704,0.00803917943253597,0.840426790438998,900,6380,295
"296","adhd","roi296","R_PFt_ROI",0.00371648228223512,0.322797340745023,6380,0.00323585913212693,0.00779171930071449,0.677940224149794,900,6380,296
"297","adhd","roi297","R_AIP_ROI",0.00133485737821943,0.711594206660368,6380,-0.0059360837603176,0.00748679333620246,0.427880767381317,900,6380,297
"298","adhd","roi298","R_EC_ROI",-0.00597169175335546,0.0790248628951322,6380,0.000854661228155054,0.00704950820433477,0.903507142218677,900,6380,298
"299","adhd","roi299","R_PreS_ROI",-0.0092990973695779,0.0271534193422786,6380,-0.0105813367861201,0.00872364977213866,0.225194538464844,900,6380,299
"300","adhd","roi300","R_H_ROI",-0.00253382668720081,0.484030605281325,6380,-0.0118912548207609,0.00750920463703218,0.113344169971843,900,6380,300
"301","adhd","roi301","R_ProS_ROI",-0.00966119914546611,0.0836258077368116,6380,-0.0210390254537658,0.0115787671991224,0.0692587202435818,900,6380,301
"302","adhd","roi302","R_PeEc_ROI",-0.00514808823438626,0.174090820585,6380,-0.00514582347634377,0.00785112647173197,0.512217918184618,900,6380,302
"303","adhd","roi303","R_STGa_ROI",0.000146249918031452,0.971225530749989,6380,0.0126874708106356,0.00841110971687321,0.13149712626279,900,6380,303
"304","adhd","roi304","R_PBelt_ROI",0.00532368967920689,0.201081358696902,6380,0.0051027640956322,0.00863148056175595,0.554420377680324,900,6380,304
"305","adhd","roi305","R_A5_ROI",0.00585171018973826,0.262205711939755,6380,0.0294139034948142,0.0108359742575385,0.0066561126524268,900,6380,305
"306","adhd","roi306","R_PHA1_ROI",-0.00194354423635554,0.600850735780244,6380,-0.00892182556887752,0.00770289810882379,0.246808426238231,900,6380,306
"307","adhd","roi307","R_PHA3_ROI",-0.0011964364607508,0.799842342049415,6380,-0.00975563883184818,0.00978426677172278,0.31876642445211,900,6380,307
"308","adhd","roi308","R_STSda_ROI",0.00420146826605242,0.367184352143618,6380,0.0265185571811628,0.00967542928452721,0.00614579789565106,900,6380,308
"309","adhd","roi309","R_STSdp_ROI",0.00937399098638898,0.036947103654676,6380,0.0243932527384915,0.00932046314508922,0.00888712605248022,900,6380,309
"310","adhd","roi310","R_STSvp_ROI",0.00927421120187122,0.0078317009553899,6380,0.014298213226329,0.00722874249945692,0.0479754685040482,900,6380,310
"311","adhd","roi311","R_TGd_ROI",0.000742349814892164,0.857910886524825,6380,0.0138021803959714,0.00860207653809154,0.108649653348015,900,6380,311
"312","adhd","roi312","R_TE1a_ROI",-0.000266592573543802,0.941878817248614,6380,0.0119852198892112,0.00758655381422508,0.114202864706355,900,6380,312
"313","adhd","roi313","R_TE1p_ROI",0.010633995036434,0.00857810072803865,6380,0.0128353893887059,0.0083846743864475,0.125864657987087,900,6380,313
"314","adhd","roi314","R_TE2a_ROI",0.00469354168557262,0.270346533785473,6380,0.0125953958737207,0.00882885865969181,0.15373946074239,900,6380,314
"315","adhd","roi315","R_TF_ROI",0.00170717019293176,0.707366702298504,6380,9.87599020819053e-05,0.00942721363244578,0.991641807413112,900,6380,315
"316","adhd","roi316","R_TE2p_ROI",-0.00217405625450571,0.613775826835879,6380,-0.00216016764083638,0.00892964080253854,0.808857841698937,900,6380,316
"317","adhd","roi317","R_PHT_ROI",0.00189652075155347,0.621790986814132,6380,-0.00045069144218359,0.00796959425986315,0.954904350427125,900,6380,317
"318","adhd","roi318","R_PH_ROI",0.00481702709527436,0.209291820629512,6380,0.0169568083181903,0.00795911065978856,0.0331693544162276,900,6380,318
"319","adhd","roi319","R_TPOJ1_ROI",0.00662137161535781,0.127629471695629,6380,0.0112549242527898,0.00900934252282581,0.211619425419689,900,6380,319
"320","adhd","roi320","R_TPOJ2_ROI",0.00363869703894015,0.386943986216621,6380,0.00303751395729731,0.0087181470822765,0.727541711689675,900,6380,320
"321","adhd","roi321","R_TPOJ3_ROI",0.00676668360216123,0.17172453464942,6380,0.00830337955047575,0.0102629579657081,0.418509127296122,900,6380,321
"322","adhd","roi322","R_DVT_ROI",0.00307161711690273,0.521879623181397,6380,-0.0106345748085159,0.00994823008017113,0.285113941961081,900,6380,322
"323","adhd","roi323","R_PGp_ROI",0.00596139416605712,0.144261502347658,6380,0.00568605696232322,0.00846293595847142,0.501685998284788,900,6380,323
"324","adhd","roi324","R_IP2_ROI",0.0020878665765394,0.589366490165657,6380,0.00041559315417754,0.00801864936176421,0.958667111986722,900,6380,324
"325","adhd","roi325","R_IP1_ROI",0.00926282588202841,0.0241290498014302,6380,0.00719660897414433,0.00851331981230345,0.397955458643409,900,6380,325
"326","adhd","roi326","R_IP0_ROI",0.00260688709599418,0.504997400513209,6380,0.00443413684960883,0.00810623332983498,0.584395586710123,900,6380,326
"327","adhd","roi327","R_PFop_ROI",-0.00261372427597221,0.397546213367491,6380,-0.010702520673678,0.00640763793842578,0.0949139971645023,900,6380,327
"328","adhd","roi328","R_PF_ROI",0.0012315880725425,0.722102127368714,6380,-0.0113248409029837,0.0071858894818103,0.115079339626836,900,6380,328
"329","adhd","roi329","R_PFm_ROI",0.00656602278805909,0.163676385935299,6380,-0.00668181292952225,0.00977774780747398,0.494398352091749,900,6380,329
"330","adhd","roi330","R_PGi_ROI",0.00749215814265573,0.048603835666093,6380,0.0065071062485639,0.00787441090568312,0.40863027715041,900,6380,330
"331","adhd","roi331","R_PGs_ROI",0.0046863419980394,0.223728235904751,6380,0.0117214726906138,0.0079862219900638,0.142231881008942,900,6380,331
"332","adhd","roi332","R_V6A_ROI",0.00531592999690487,0.302164356619804,6380,-0.00387281841867674,0.0106823271740253,0.716957241625433,900,6380,332
"333","adhd","roi333","R_VMV1_ROI",-0.00330151928896896,0.292366069181427,6380,-0.00139043987640407,0.00649972502576251,0.830614046759297,900,6380,333
"334","adhd","roi334","R_VMV3_ROI",-0.00434441535609265,0.246992084710743,6380,0.00443787761752647,0.00778211146958303,0.568517058552755,900,6380,334
"335","adhd","roi335","R_PHA2_ROI",-0.00889396563473018,0.0397734695059144,6380,-0.00454199260688998,0.00896619426936938,0.612475067467867,900,6380,335
"336","adhd","roi336","R_V4t_ROI",0.00717913161900308,0.121028165587748,6380,0.0159605634726823,0.00960025305693406,0.0964587835779359,900,6380,336
"337","adhd","roi337","R_FST_ROI",0.00364730950862413,0.370891393884361,6380,0.0214613724654306,0.00846201961128441,0.0112299624926333,900,6380,337
"338","adhd","roi338","R_V3CD_ROI",0.00300544876266488,0.390040771710602,6380,0.0132248488775464,0.00725292410483568,0.0682924458414887,900,6380,338
"339","adhd","roi339","R_LO3_ROI",-0.00491951951109104,0.206496712670176,6380,0.00255190234150733,0.00807462390784874,0.751982670852857,900,6380,339
"340","adhd","roi340","R_VMV2_ROI",-0.000282018389536652,0.944581193256996,6380,-0.000825367133158729,0.00841016249138934,0.921824799863672,900,6380,340
"341","adhd","roi341","R_31pd_ROI",0.00475953545861364,0.203051591109346,6380,-0.00530655436338278,0.00775498476826801,0.493825433463334,900,6380,341
"342","adhd","roi342","R_31a_ROI",0.00895456945954961,0.0142044751494825,6380,0.00269416630836788,0.00757018010303072,0.721933255040555,900,6380,342
"343","adhd","roi343","R_VVC_ROI",0.000900280588169426,0.82349607526076,6380,-0.00321468986363343,0.00836762352743986,0.700856424356179,900,6380,343
"344","adhd","roi344","R_25_ROI",-0.00506771360488054,0.282294863667949,6380,-0.0151043747153377,0.00977371234005255,0.122297245501322,900,6380,344
"345","adhd","roi345","R_s32_ROI",0.00101623115958113,0.814960538157255,6380,-0.00991343468404543,0.00900588410070987,0.271037029275611,900,6380,345
"346","adhd","roi346","R_pOFC_ROI",-0.00900709401952601,0.0438125254719377,6380,-0.0100042344937495,0.00926073865244675,0.280056308983937,900,6380,346
"347","adhd","roi347","R_PoI1_ROI",0.00187962525425237,0.643604190940788,6380,0.015354203834865,0.00842885258913722,0.0685588676813967,900,6380,347
"348","adhd","roi348","R_Ig_ROI",0.00433785398679638,0.267402900019361,6380,0.00413329253046623,0.0081075741000382,0.61020481811666,900,6380,348
"349","adhd","roi349","R_FOP5_ROI",0.00819495291218976,0.0628295591261916,6380,0.0087195198224809,0.0091301055302915,0.339599035618974,900,6380,349
"350","adhd","roi350","R_p10p_ROI",-0.00500419878223772,0.321144595393525,6380,-0.0352007248827802,0.0104850446916973,0.000791883170445597,900,6380,350
"351","adhd","roi351","R_p47r_ROI",0.00233863609272343,0.61451186953147,6380,-0.0144320650686501,0.00963546045836673,0.134232817001181,900,6380,351
"352","adhd","roi352","R_TGv_ROI",-0.0048003878947939,0.245154496243555,6380,0.00415621400377438,0.00856497544267546,0.627510765019277,900,6380,352
"353","adhd","roi353","R_MBelt_ROI",0.00745637892241847,0.0989100083360692,6380,0.0132060404284361,0.00936706679001658,0.158636542770672,900,6380,353
"354","adhd","roi354","R_LBelt_ROI",0.00705400374950278,0.0871182162191525,6380,0.00791979638595733,0.00854636589242953,0.354124771412362,900,6380,354
"355","adhd","roi355","R_A4_ROI",0.00400030314592608,0.379072755331282,6380,0.0165312268590919,0.00943285963925392,0.0797334212685477,900,6380,355
"356","adhd","roi356","R_STSva_ROI",0.00367375609376954,0.34365173180673,6380,0.0148913665676533,0.00804701420118731,0.0642812242056439,900,6380,356
"357","adhd","roi357","R_TE1m_ROI",0.00535032577460593,0.164676543158701,6380,0.00236978003634299,0.00798174846708652,0.766552640110538,900,6380,357
"358","adhd","roi358","R_PI_ROI",0.00321203531046301,0.519004726142578,6380,0.0106749239177553,0.0103267528879763,0.301308454828301,900,6380,358
"359","adhd","roi359","R_a32pr_ROI",-0.00158111336647723,0.760038976344119,6380,-0.0186321391459873,0.0107402162843898,0.0828244088796222,900,6380,359
"360","adhd","roi360","R_p24_ROI",-0.00593037594796566,0.206925835610649,6380,-0.0230940682238755,0.0097503764732535,0.0178885597106426,900,6380,360
"361","adhd","roi361","accumbens_left",0.0067632982339631,0.177323173399404,6380,0.0177247968100354,0.0103957987328292,0.0882439018106556,900,6380,361
"362","adhd","roi362","accumbens_right",0.000860987978963495,0.857725476928287,6380,-0.00418222063065647,0.00995678200642586,0.674472313484876,900,6380,362
"363","adhd","roi363","amygdala_left",0.000276995215127464,0.96423900115156,6380,-0.0122606734568323,0.0128112265424734,0.338590586484875,900,6380,363
"364","adhd","roi364","amygdala_right",-0.00627620850475744,0.220160658703747,6380,-0.00563247580532486,0.0106105819193179,0.595551136743752,900,6380,364
"365","adhd","roi365","caudate_left",0.0011364224116683,0.794979189306771,6380,-0.00636680102434464,0.00906794328444646,0.482628836608286,900,6380,365
"366","adhd","roi366","caudate_right",0.000754810541704345,0.884703680789713,6380,0.0183781521877402,0.0108000542573534,0.0888656314767797,900,6380,366
"367","adhd","roi367","cerebellum_left",0.00671992211149766,0.125486040209803,6380,0.0152756915198737,0.00909382399736702,0.0930477128170266,900,6380,367
"368","adhd","roi368","cerebellum_right",-0.0129770931330512,0.01754378497006,6380,-0.0118003970391843,0.0113238091192245,0.297410779541906,900,6380,368
"369","adhd","roi369","diencephalon_left",0.00503228023195373,0.285328771811991,6380,0.00987792306569594,0.00976406177825906,0.311738468054747,900,6380,369
"370","adhd","roi370","diencephalon_right",-0.000357810647477016,0.945649538201266,6380,0.0130425653994835,0.0108860170909597,0.230921651124498,900,6380,370
"371","adhd","roi371","hippocampus_left",0.00481057645254448,0.320770290670366,6380,0.0143314914160227,0.0100463895838202,0.153763983328069,900,6380,371
"372","adhd","roi372","hippocampus_right",0.0150298292765976,0.00509003692096468,6380,0.0155983489914554,0.0111187855475435,0.160700635170282,900,6380,372
"373","adhd","roi373","pallidum_left",-0.000483609476604226,0.919678173035318,6380,0.00417568611327712,0.00994239348959152,0.674508373526937,900,6380,373
"374","adhd","roi374","pallidum_right",-0.00344575838917974,0.472143142875558,6380,-0.00203612144515975,0.00993448668168237,0.837613931960945,900,6380,374
"375","adhd","roi375","putamen_left",-0.00571054158875434,0.346801722622003,6380,0.0209822437180111,0.0126011841984039,0.0959417948117663,900,6380,375
"376","adhd","roi376","putamen_right",-0.00100095710529438,0.84966636787655,6380,0.0248364557016296,0.0109676163068124,0.0235752277442853,900,6380,376
"377","adhd","roi377","thalamus_left",-0.00261760303280119,0.593923122511312,6380,0.0099676541065053,0.0101826030966047,0.327671228600763,900,6380,377
"378","adhd","roi378","thalamus_right",-0.00486563390455126,0.306480350431811,6380,-0.00768139544296953,0.00986293066736528,0.436117803625897,900,6380,378
"379","adhd","roi379","brainstem",0.00922322623796255,0.121532147236188,6380,0.0289417586721748,0.0123575530973998,0.019209818884817,900,6380,379
